{
  "pages/unsubscribe": "{{#partial \"page\"}}\n\n<section class=\"page\">\n    <div class=\"page-content page-content--centered\">\n        <h1 class=\"page-heading\">{{lang 'newsletter.unsubscribed_heading'}}</h1>\n        {{> components/common/alert/alert-success (lang 'newsletter.unsubscribed_message' store_name=settings.store_name)}}\n    </div>\n</section>\n\n{{/partial}}\n{{> layout/base}}\n",
  "components/common/alert/alert-success": "<div class=\"alertBox alertBox--success\">\n    <div class=\"alertBox-column alertBox-icon\">\n        <icon glyph=\"ic-success\" class=\"icon\" aria-hidden=\"true\"><svg xmlns=\"http://www.w3.org/2000/svg\" width=\"24\" height=\"24\" viewBox=\"0 0 24 24\"><path d=\"M12 2C6.48 2 2 6.48 2 12s4.48 10 10 10 10-4.48 10-10S17.52 2 12 2zm1 15h-2v-2h2v2zm0-4h-2V7h2v6z\"></path></svg></icon>\n    </div>\n    <p class=\"alertBox-column alertBox-message\">\n        <span id=\"alertBox-message-text\">{{{this}}}</span>\n    </p>\n</div>\n",
  "layout/base": "<!DOCTYPE html>\n<html class=\"no-js\" lang=\"{{ locale_name }}\">\n    <head>\n        <title>{{ head.title }}</title>\n        {{{ resourceHints }}}\n        {{{ head.meta_tags }}}\n        {{{ head.config }}}\n        {{#block \"head\"}} {{/block}}\n\n        <link href=\"{{ head.favicon }}\" rel=\"shortcut icon\">\n        <meta name=\"viewport\" content=\"width=device-width, initial-scale=1\">\n\n        <script>\n            {{!-- Change document class from no-js to js so we can detect this in css --}}\n            document.documentElement.className = document.documentElement.className.replace('no-js', 'js');\n        </script>\n\n        {{> components/common/polyfill-script }}\n        <script>window.consentManagerTranslations = `{{{langJson 'consent_manager'}}}`;</script>\n\n        {{!-- Load Lazysizes script ASAP so images will appear --}}\n        <script>\n            {{!-- Only load visible elements until the onload event fires, after which preload nearby elements. --}}\n            window.lazySizesConfig = window.lazySizesConfig || {};\n            window.lazySizesConfig.loadMode = 1;\n        </script>\n        <script async src=\"{{cdn 'assets/dist/theme-bundle.head_async.js' resourceHint='preload' as='script'}}\"></script>\n        \n        {{getFontsCollection font-display='block'}}\n        \n        <script async src=\"{{cdn 'assets/dist/theme-bundle.font.js' resourceHint='preload' as='script'}}\"></script>\n\n        {{{stylesheet '/assets/css/theme.css'}}}       \n            \n \n\n        {{{head.scripts}}}\n\n        {{~inject 'zoomSize' theme_settings.zoom_size}}\n        {{~inject 'productSize' theme_settings.product_size}}\n        {{~inject 'genericError' (lang 'common.generic_error')}}\n        {{~inject 'urls' urls}}\n        {{~inject 'secureBaseUrl' settings.secure_base_url}}\n        {{~inject 'cartId' cart_id}}\n        {{~inject 'template' template}}\n        {{~inject 'validationDictionaryJSON' (langJson 'validation_messages')}}\n        {{~inject 'validationFallbackDictionaryJSON' (langJson 'validation_fallback_messages')}}\n        {{~inject 'validationDefaultDictionaryJSON' (langJson 'validation_default_messages')}}\n        {{~inject 'carouselArrowAndDotAriaLabel' (lang 'carousel.arrow_and_dot_aria_label')}}\n        {{~inject 'carouselActiveDotAriaLabel' (lang 'carousel.active_dot_aria_label')}}\n        {{~inject 'carouselContentAnnounceMessage' (lang 'carousel.content_announce_message')}}\n    </head>\n    <body>\n        <svg data-src=\"{{cdn 'img/icon-sprite.svg'}}\" class=\"icons-svg-sprite\"></svg>\n        {{> components/custom/new-header }}\n        {{> components/common/body }}\n        {{> components/common/footer }}\n\n        <script>window.__webpack_public_path__ = \"{{cdn 'assets/dist/'}}\";</script>\n        <script>\n            {{!-- Exported in app.js --}}\n            function onThemeBundleMain() {\n                window.stencilBootstrap(\"{{page_type}}\", {{jsContext}}).load();\n            }\n        </script>\n        <script async defer src=\"{{cdn 'assets/dist/theme-bundle.main.js' resourceHint='preload' as='script'}}\" onload=\"onThemeBundleMain()\"></script>\n\n        {{{footer.scripts}}}\n    </body>\n</html>\n",
  "components/common/polyfill-script": "<script>\n    {{!--\n        Check for modern browser features, and load polyfills if browser does not appear to support features\n        we need.\n\n            Polyfill approach is all or nothing - please import needed polyfills in /assets/js/polyfills.js\n\n        Inspired by https://philipwalton.com/articles/loading-polyfills-only-when-needed/\n            --}}\n    function browserSupportsAllFeatures() {\n        return window.Promise\n            && window.fetch\n            && window.URL\n            && window.URLSearchParams\n            && window.WeakMap\n            // object-fit support\n            && ('objectFit' in document.documentElement.style);\n    }\n\n    function loadScript(src) {\n        var js = document.createElement('script');\n        js.src = src;\n        js.onerror = function () {\n            console.error('Failed to load polyfill script ' + src);\n        };\n        document.head.appendChild(js);\n    }\n\n    if (!browserSupportsAllFeatures()) {\n        loadScript('{{cdn 'assets/dist/theme-bundle.polyfills.js'}}');\n    }\n</script>\n",
  "components/custom/new-header": "<!DOCTYPE html>\n<html lang=\"en\">\n<head>\n    <meta charset=\"utf-8\">\n    <meta http-equiv=\"X-UA-Compatible\" content=\"IE=edge\">\n    <meta name=\"viewport\" content=\"width=device-width, initial-scale=1\">    \n    <title>Daily Shop | Home</title>\n\n    <!-- Font awesome -->\n    <link href=\"{{cdn '../../../assets/custom/css/font-awesome.css'}}\" rel=\"stylesheet\">\n    <!-- Bootstrap -->\n    <link href=\"{{cdn '../../../assets/custom/css/bootstrap.css'}}\" rel=\"stylesheet\">   \n    <!-- SmartMenus jQuery Bootstrap Addon CSS -->\n    <link href=\"{{cdn '../../../assets/custom/css/jquery.smartmenus.bootstrap.css'}}\" rel=\"stylesheet\">\n    <!-- Product view slider -->\n    <link rel=\"stylesheet\" type=\"text/css\" href=\"{{cdn '../../../assets/custom/css/jquery.simpleLens.css'}}\">    \n    <!-- slick slider -->\n    <!-- price picker slider -->\n    <link rel=\"stylesheet\" type=\"text/css\" href=\"{{cdn '../../../assets/custom/css/nouislider.css'}}\">\n    <!-- Theme color -->\n    <link id=\"switcher\" href=\"{{cdn '../../../assets/custom/css/theme-color/default-theme.css'}}\" rel=\"stylesheet\">\n    <!-- <link id=\"switcher\" href=\"css/theme-color/bridge-theme.css\" rel=\"stylesheet\"> -->\n    <!-- Top Slider CSS -->\n    <link href=\"{{cdn '../../../assets/custom/css/sequence-theme.modern-slide-in.css'}}\" rel=\"stylesheet\" media=\"all\">\n\n    <!-- Main style sheet -->\n    <link href=\"{{cdn '../../../assets/custom/css/style.css'}}\" rel=\"stylesheet\">    \n\n    <!-- Google Font -->\n    <link href='https://fonts.googleapis.com/css?family=Lato' rel='stylesheet' type='text/css'>\n    <link href='https://fonts.googleapis.com/css?family=Raleway' rel='stylesheet' type='text/css'>\n</head>\n<body>\n    <header id=\"aa-header\">\n        <!-- start header top  -->\n        <div class=\"aa-header-top\">\n          <div class=\"container\">\n            <div class=\"row\">\n              <div class=\"col-md-12\">\n                <div class=\"aa-header-top-area\">\n                  <!-- start header top left -->\n                  <div class=\"aa-header-top-left\">\n                    <!-- start language -->\n                    <div class=\"aa-language\">\n                      <div >\n                        <a class=\"btn dropdown-toggle\" href=\"#\" type=\"button\" id=\"dropdownMenu1\" data-toggle=\"dropdown\" aria-haspopup=\"true\" aria-expanded=\"true\">\n                          <img src=\"{{cdn '../../../../assets/custom/img/flag/english.jpg'}}\" alt=\"english flag\">ENGLISH\n                          <span class=\"caret\"></span>\n                        </a>\n                        <ul class=\"dropdown-menu\" aria-labelledby=\"dropdownMenu1\">\n                          <li><a href=\"#\"><img src=\"{{cdn '../../../../assets/custom/img/flag/french.jpg'}}\" alt=\"\">FRENCH</a></li>\n                          <li><a href=\"#\"><img src=\"{{cdn '../../../../assets/custom/img/flag/english.jpg'}}\" alt=\"\">ENGLISH</a></li>\n                        </ul>\n                      </div>\n                    </div>\n                    <!-- / language -->\n    \n                    <!-- start currency -->\n                    <div class=\"aa-currency\">\n                      <div >\n                        <a class=\"btn dropdown-toggle\" href=\"#\" type=\"button\" id=\"dropdownMenu1\" data-toggle=\"dropdown\" aria-haspopup=\"true\" aria-expanded=\"true\">\n                          <i class=\"fa fa-usd\"></i>USD\n                          <span class=\"caret\"></span>\n                        </a>\n                        <ul class=\"dropdown-menu\" aria-labelledby=\"dropdownMenu1\">\n                          <li><a href=\"#\"><i class=\"fa fa-euro\"></i>EURO</a></li>\n                          <li><a href=\"#\"><i class=\"fa fa-jpy\"></i>YEN</a></li>\n                        </ul>\n                      </div>\n                    </div>\n                    <!-- / currency -->\n                    <!-- start cellphone -->\n                    <div class=\"cellphone hidden-xs\">\n                      <p><span class=\"fa fa-phone\"></span>00-62-658-658</p>\n                    </div>\n                    <!-- / cellphone -->\n                  </div>\n                  <!-- / header top left -->\n                  <div class=\"aa-header-top-right\">\n                    <ul class=\"aa-head-top-nav-right\">\n                      \n                    \n                      <li>\n                      \n                      {{#if customer}}\n                      <a \n                         href=\"{{urls.account.index}}\"\n                         aria-label=\"{{lang 'common.account'}}\"\n                      >\n                          {{lang 'common.account'}}\n                      </a>\n                      <a \n                         href=\"{{urls.auth.logout}}\"\n                         aria-label=\"{{lang 'common.logout'}}\"\n                      >\n                          {{lang 'common.logout'}}\n                      </a>\n                  {{else}}\n                      <a \n                         href=\"{{urls.auth.login}}\"\n                         aria-label=\"{{lang 'common.login'}}\"\n                      >\n                          {{lang 'common.login'}}\n                      </a>\n                      {{#if settings.account_creation_enabled}}\n                          <a \n                             href=\"{{urls.auth.create_account}}\"\n                             aria-label=\"{{lang 'common.sign_up'}}\"\n                          >\n                              {{lang 'common.sign_up'}}\n                          </a>\n                      {{/if}}\n                  {{/if}}\n                  </li>\n                    </ul>\n                  </div>\n                </div>\n              </div>\n            </div>\n          </div>\n        </div>\n        <!-- / header top  -->\n    \n        <!-- start header bottom  -->\n        <div class=\"aa-header-bottom\">\n          <div class=\"container\">\n            <div class=\"row\">\n              <div class=\"col-md-12\">\n                <div class=\"aa-header-bottom-area\">\n                  <!-- logo  -->\n                  <div class=\"aa-logo\">\n                    <!-- Text based logo -->\n                    <!-- <a href=\"index.html\">\n                      <span class=\"fa fa-shopping-cart\"></span>\n                      <p>daily<strong>Shop</strong> <span>Your Shopping Partner</span></p>\n                    </a> -->\n                    <!-- img based logo -->\n                    <a href=\"{{urls.home}}\"><img src=\"{{cdn '../../../../assets/custom/img/logo.jpg'}}\" alt=\"logo img\"></a>\n                  </div>\n                  <!-- / logo  -->\n                   <!-- cart box -->\n                  <div class=\"aa-cartbox\" >\n                   \n                      <a class=\"aa-cart-link\"\n                         data-cart-preview\n                         data-dropdown=\"cart-preview-dropdown\"\n                          href=\"{{urls.cart}}\"\n                         aria-label=\"{{lang 'cart.nav_aria_label'}}\"\n                      >\n                      <span class=\"fa fa-shopping-basket\"></span>\n                      <span class=\"aa-cart-title\">SHOPPING CART</span>\n                          <span class=\"aa-cart-notify countPill cart-quantity\"></span>\n                      </a>\n          \n                      <div class=\"aa-cartbox-summary\" id=\"cart-preview-dropdown\" data-dropdown-content aria-hidden=\"true\"></div>\n                \n                    <!-- <a class=\"navUser-action\"\n                    data-cart-preview\n                    data-dropdown=\"cart-preview-dropdown\"\n                    data-options=\"align:right\"\n                    href=\"{{urls.cart}}\"\n                    aria-label=\"{{lang 'cart.nav_aria_label'}}\">\n                      <span class=\"fa fa-shopping-basket\"></span>\n                      <span class=\"aa-cart-title\">SHOPPING CART</span>\n                      <span class=\"aa-cart-notify countPill cart-quantity\"></span>\n                    </a> -->\n                    \n                  </div>\n                  \n                  <!-- / cart box -->\n                  <!-- search box -->\n                  <div class=\"aa-search-box\">\n                    {{> components/common/search-box}}\n                  </div>\n                  <!-- / search box -->             \n                </div>\n              </div>\n            </div>\n          </div>\n        </div>\n        <!-- / header bottom  -->\n      </header>\n\n      {{> components/common/navigation-menu}}\n                <!-- jQuery library -->\n  <script src=\"https://ajax.googleapis.com/ajax/libs/jquery/1.11.3/jquery.min.js\"></script>\n  <!-- Include all compiled plugins (below), or include individual files as needed -->\n  <script src=\"{{cdn '../../../assets/custom/js/bootstrap.js'}}\"></script>  \n  <!-- SmartMenus jQuery plugin -->\n  <script type=\"text/javascript\" src=\"{{cdn '../../../assets/custom/js/jquery.smartmenus.js'}}\"></script>\n  <!-- SmartMenus jQuery Bootstrap Addon -->\n  <script type=\"text/javascript\" src=\"{{cdn '../../../assets/custom/js/jquery.smartmenus.bootstrap.js'}}\"></script>  \n  <!-- To Slider JS -->\n  <script src=\"{{cdn '../../../assets/custom/js/sequence.js'}}\"></script>\n  <script src=\"{{cdn '../../../assets/custom/js/sequence-theme.modern-slide-in.js'}}\"></script>  \n  <!-- Product view slider -->\n  <script type=\"text/javascript\" src=\"{{cdn '../../../assets/custom/js/jquery.simpleGallery.js'}}\"></script>\n  <script type=\"text/javascript\" src=\"{{cdn '../../../assets/custom/js/jquery.simpleLens.js'}}\"></script>\n  <!-- slick slider -->\n  <script type=\"text/javascript\" src=\"{{cdn '../../../assets/custom/js/slick.js'}}\"></script>\n  <!-- Price picker slider -->\n  <script type=\"text/javascript\" src=\"{{cdn '../../../assets/custom/js/nouislider.js'}}\"></script>\n  <!-- Custom js -->\n  <script src=\"{{cdn '../../../assets/custom/js/custom.js'}}\"></script> \n\n</body>\n</html>",
  "components/common/body": "<main class=\"body\" id=\"main-content\" role=\"main\" data-currency-code=\"{{currency_selector.active_currency_code}}\">\n    {{#block \"hero\"}} {{/block}}\n    <div class=\"container\">\n        {{#block \"page\"}} {{/block}}\n    </div>\n    {{> components/common/modal/modal}}\n    {{> components/common/alert/alert-modal}}\n</main>\n",
  "components/common/footer": "{{#if banners.bottom}}\n    {{#if settings.data_tag_enabled}}\n        <div class=\"banners\" data-banner-location=\"bottom\">\n            {{#each (limit banners.bottom_metadata 1)}}\n                <div class=\"banner\" data-event-type=\"promotion\" data-entity-id=\"{{this.id}}\" data-name=\"{{this.banner-name}}\" data-position=\"{{this.location}}\" data-name=\"{{this.banner-name}}\">\n                    <div data-event-type=\"promotion-click\">\n                        {{{this.content}}}\n                    </div>\n                </div>\n            {{/each}}\n        </div>\n    {{else}}\n        <div class=\"banners\" data-banner-location=\"bottom\">\n            <div class=\"banner\">\n                {{{limit banners.bottom 1}}}\n            </div>\n        </div>\n    {{/if}}\n\n{{/if}}\n<footer class=\"footer\" role=\"contentinfo\">\n    <h2 class=\"footer-title-sr-only\">{{lang 'footer.title'}}</h2>\n    <div class=\"container\">\n        {{#if theme_settings.social_icon_placement_bottom '!==' 'bottom_none'}}\n            <article class=\"footer-info-col\n                footer-info-col--social\n                footer-info-col--{{#if theme_settings.social_icon_placement_bottom '===' 'bottom_left'}}left{{else}}right{{/if}}\"\n                data-section-type=\"footer-webPages\">\n                    <h3 class=\"footer-info-heading\">{{lang 'social.connect'}}</h3>\n                    {{> components/common/social-links}}\n            </article>\n        {{/if}}\n        <section class=\"footer-info\">\n            <article class=\"footer-info-col footer-info-col--small\" data-section-type=\"footer-webPages\">\n                <h3 class=\"footer-info-heading\">{{lang 'footer.navigate'}}</h3>\n                <ul class=\"footer-info-list\">\n                    {{#each pages}}\n                        <li>\n                            <a href=\"{{url}}\">{{name}}</a>\n                        </li>\n                    {{/each}}\n                    <li>\n                        <a href=\"{{urls.sitemap}}\">{{lang 'sitemap.page_title'}}</a>\n                    </li>\n                </ul>\n            </article>\n\n            <article class=\"footer-info-col footer-info-col--small\" data-section-type=\"footer-categories\">\n                <h3 class=\"footer-info-heading\">{{lang 'footer.categories'}}</h3>\n                <ul class=\"footer-info-list\">\n                    {{#each categories}}\n                        <li>\n                            <a href=\"{{url}}\">{{name}}</a>\n                        </li>\n                    {{/each}}\n                </ul>\n            </article>\n\n            {{#and theme_settings.shop_by_brand_show_footer shop_by_brand.length}}\n            <article class=\"footer-info-col footer-info-col--small\" data-section-type=\"footer-brands\">\n                <h3 class=\"footer-info-heading\">{{lang 'footer.brands'}}</h3>\n                <ul class=\"footer-info-list\">\n                    {{#each shop_by_brand}}\n                        <li>\n                            <a href=\"{{url}}\">{{name}}</a>\n                        </li>\n                    {{/each}}\n                    <li><a href=\"{{urls.brands}}\">{{lang 'common.view_all'}}</a></li>\n                </ul>\n            </article>\n            {{/and}}\n\n            {{#if settings.address}}\n            <article class=\"footer-info-col footer-info-col--small\" data-section-type=\"storeInfo\">\n                <h3 class=\"footer-info-heading\">{{lang 'footer.info'}}</h3>\n                <address>{{nl2br settings.address}}</address>\n                {{#if settings.phone_number}}\n                    <strong>{{lang 'footer.call_us' phone_number=settings.phone_number}}</strong>\n                {{/if}}\n            </article>\n            {{/if}}\n\n            <article class=\"footer-info-col\" data-section-type=\"newsletterSubscription\">\n                {{#if settings.show_newsletter_box}}\n                    {{> components/common/subscription-form}}\n                {{/if}}\n                {{> components/common/payment-icons}}\n            </article>\n        </section>\n        {{#if settings.paypal_commerce_credit_message}}\n        <div class=\"footer-copyright\">\n            <p class=\"paypal-credit\">{{nl2br settings.paypal_commerce_credit_message}}</p>\n        </div>\n        {{/if}}\n        {{#if theme_settings.show_powered_by}}\n            <div class=\"footer-copyright\">\n                <p class=\"powered-by\">{{lang 'footer.powered_by'}} <a href=\"https://www.bigcommerce.com?utm_source=merchant&amp;utm_medium=poweredbyBC\" rel=\"nofollow\">BigCommerce</a></p>\n            </div>\n        {{/if}}\n        {{#if theme_settings.show_copyright_footer}}\n            <div class=\"footer-copyright\">\n                <p class=\"powered-by\">&copy; {{moment format=\"YYYY\"}} {{settings.store_name}} </p>\n            </div>\n        {{/if}}\n    </div>\n    {{{region name=\"ssl_site_seal--global\"}}}\n</footer>\n",
  "components/common/search-box": "<form class=\"form\"  action=\"{{urls.search}}\">\n    <fieldset class=\"form-fieldset\">\n        <div class=\"form-field\">\n            <label class=\"form-label is-srOnly\" for=\"search_query_adv\">{{lang 'search.results.form_label'}}</label>\n            <div class=\"aa-search-box\">\n                <input class=\"form-input\" id=\"search_query_adv\" name=\"search_query_adv\" value=\"{{forms.search.query}}\">\n                <button type=\"submit\" value=\"{{lang 'search.results.form_button_text'}}\"><span class=\"fa fa-search\"></span></button>\n            </input>\n\n            </div>\n        </div>\n    </fieldset>\n</form>\n",
  "components/common/navigation-menu": "<nav class=\"navPages\">\n    <div class=\"navPages-quickSearch\">\n        {{> components/common/quick-search name='nav-menu-quick-search'}}\n    </div>\n    <ul class=\"navPages-list{{#if theme_settings.navigation_design '!==' 'simple'}} navPages-list-depth-max{{/if}}\">\n        {{#each categories}}\n            <li class=\"navPages-item\">\n            {{#if ../theme_settings.navigation_design '===' 'simple'}}\n                {{> components/common/navigation-list}}\n            {{/if}}\n            {{#if ../theme_settings.navigation_design '===' 'alternate'}}\n                {{> components/common/navigation-list-alternate}}\n            {{/if}}\n            </li>\n        {{/each}}\n        {{#unless theme_settings.hide_content_navigation}}\n            {{#each pages}}\n                 <li class=\"navPages-item navPages-item-page\">\n                     <a class=\"navPages-action{{#if name '==' ../page.title}} activePage{{/if}}\"\n                        href=\"{{url}}\"\n                        aria-label=\"{{name}}\"\n                     >\n                         {{name}}\n                     </a>\n                 </li>\n             {{/each}}\n        {{/unless}}\n    </ul>\n    <ul class=\"navPages-list navPages-list--user\">\n        {{#if currency_selector.currencies.length '>' 1}}\n            <li class=\"navPages-item\">\n                <a class=\"navPages-action has-subMenu\"\n                   href=\"#\"\n                   data-collapsible=\"navPages-currency\"\n                   aria-controls=\"navPages-currency\"\n                   aria-expanded=\"false\"\n                   aria-label=\"{{lang 'common.currency' code=currency_selector.active_currency_code}}\"\n                >\n                    {{lang 'common.currency' code=currency_selector.active_currency_code}}\n                    <i class=\"icon navPages-action-moreIcon\" aria-hidden=\"true\">\n                        <svg>\n                            <use xmlns:xlink=\"http://www.w3.org/1999/xlink\" xlink:href=\"#icon-chevron-down\"></use>\n                        </svg>\n                    </i>\n                </a>\n                <div class=\"navPage-subMenu\" id=\"navPages-currency\" aria-hidden=\"true\" tabindex=\"-1\">\n                    <ul class=\"navPage-subMenu-list\">\n                        {{#each currency_selector.currencies}}\n                        <li class=\"navPage-subMenu-item\">\n                            <a class=\"navPage-subMenu-action navPages-action\"\n                               href=\"{{{switch_url}}}\"\n                               aria-label=\"{{name}}\"\n                               data-currency-code=\"{{{code}}}\"\n                               {{#if cart_currency_switch_url.length '>' 0 }}\n                               data-cart-currency-switch-url=\"{{{cart_currency_switch_url}}}\"\n                               {{/if}}\n                               data-warning=\"{{lang 'common.currency_switch_promotion'}}\"\n                            >\n                                {{#if is_active}}\n                                    <strong>{{name}}</strong>\n                                {{else}}\n                                    {{name}}\n                                {{/if}}\n                            </a>\n                        </li>\n                        {{/each}}\n                    </ul>\n                </div>\n            </li>\n        {{/if}}\n        {{#if settings.gift_certificates_enabled}}\n            <li class=\"navPages-item\">\n                <a class=\"navPages-action\"\n                   href=\"{{urls.gift_certificate.purchase}}\"\n                   aria-label=\"{{lang 'common.gift_cert'}}\"\n                >\n                    {{lang 'common.gift_cert'}}\n                </a>\n            </li>\n        {{/if}}\n        {{#if customer.store_credit.value '>' 0}}\n            <li class=\"navPages-item\">\n                <a class=\"navPages-action navPages-action--storeCredit\">\n                    {{lang 'common.store_credit_overview' credit=customer.store_credit.formatted}}\n                </a>\n            </li>\n        {{/if}}\n        {{#if theme_settings.product_list_display_mode '==' 'list'}}\n            <li class=\"navPages-item\">\n                <a class=\"navPages-action navPages-action--compare\"\n                   href=\"{{urls.compare}}\"\n                   data-compare-nav\n                   aria-label=\"{{lang 'common.compare'}}\"\n                >\n                    {{lang 'common.compare'}}\n                    <span class=\"countPill countPill--positive countPill--alt\"></span>\n                </a>\n            </li>\n        {{/if}}\n        {{#if customer}}\n            <li class=\"navPages-item\">\n                <a class=\"navPages-action has-subMenu\"\n                   href=\"{{urls.account.index}}\"\n                   data-collapsible=\"navPages-account\"\n                   aria-label=\"{{lang 'common.account'}}\"\n                >\n                    {{lang 'common.account'}}\n                    <i class=\"icon navPages-action-moreIcon\" aria-hidden=\"true\">\n                        <svg><use xlink:href=\"#icon-chevron-down\" /></svg>\n                    </i>\n                </a>\n                <div class=\"navPage-subMenu\" id=\"navPages-account\" aria-hidden=\"true\" tabindex=\"-1\">\n                    <ul class=\"navPage-subMenu-list\">\n                        <li class=\"navPage-subMenu-item\">\n                            <a class=\"navPage-subMenu-action navPages-action\"\n                               href=\"{{urls.account.orders.all}}\"\n                               aria-label=\"{{lang 'account.nav.orders'}}\"\n                            >\n                                {{lang 'account.nav.orders'}}\n                            </a>\n                        </li>\n                        {{#if settings.returns_enabled}}\n                            <li class=\"navPage-subMenu-item\">\n                                <a class=\"navPage-subMenu-action navPages-action\"\n                                   href=\"{{urls.account.returns}}\"\n                                   aria-label=\"{{lang 'account.nav.returns'}}\"\n                                >\n                                    {{lang 'account.nav.returns'}}\n                                </a>\n                            </li>\n                        {{/if}}\n                        <li class=\"navPage-subMenu-item\">\n                            <a class=\"navPage-subMenu-action navPages-action\"\n                               href=\"{{urls.account.inbox}}\"\n                               aria-label=\"{{lang 'account.mobile_nav.messages'}}\"\n                            >\n                                {{lang 'account.mobile_nav.messages'}}\n                            </a>\n                        </li>\n                        <li class=\"navPage-subMenu-item\">\n                            <a class=\"navPage-subMenu-action navPages-action\"\n                               href=\"{{urls.account.addresses}}\"\n                               aria-label=\"{{lang 'account.nav.addresses'}}\"\n                            >\n                                {{lang 'account.nav.addresses'}}\n                            </a>\n                        </li>\n                        {{#if settings.show_payment_methods}}\n                            <li class=\"navPage-subMenu-item\">\n                                <a class=\"navPage-subMenu-action navPages-action\"\n                                   href=\"{{urls.account.payment_methods.all}}\"\n                                   aria-label=\"{{lang 'account.nav.payment_methods'}}\"\n                                >\n                                    {{lang 'account.nav.payment_methods'}}\n                                </a>\n                            </li>\n                        {{/if}}\n                        <li class=\"navPage-subMenu-item\">\n                            <a class=\"navPage-subMenu-action navPages-action\"\n                               href=\"{{urls.account.wishlists.all}}\"\n                               aria-label=\"{{lang 'account.mobile_nav.wishlists'}}\"\n                            >\n                                {{lang 'account.mobile_nav.wishlists'}}\n                            </a>\n                        </li>\n                        <li class=\"navPage-subMenu-item\">\n                            <a class=\"navPage-subMenu-action navPages-action\"\n                               href=\"{{urls.account.recent_items}}\"\n                               aria-label=\"{{lang 'account.nav.recently_viewed'}}\"\n                            >\n                                {{lang 'account.nav.recently_viewed'}}\n                            </a>\n                        </li>\n                        <li class=\"navPage-subMenu-item\">\n                            <a class=\"navPage-subMenu-action navPages-action\"\n                               href=\"{{urls.account.details}}\"\n                               aria-label=\"{{lang 'account.nav.settings'}}\"\n                            >\n                                {{lang 'account.nav.settings'}}\n                            </a>\n                        </li>\n                    </ul>\n                </div>\n            </li>\n            <li class=\"navPages-item\">\n                <a class=\"navPages-action\"\n                   href=\"{{urls.auth.logout}}\"\n                   aria-label=\"{{lang 'common.logout'}}\"\n                >\n                    {{lang 'common.logout'}}\n                </a>\n            </li>\n        {{else}}\n            <li class=\"navPages-item\">\n                <a class=\"navPages-action\"\n                   href=\"{{urls.auth.login}}\"\n                   aria-label=\"{{lang 'common.login'}}\"\n                >\n                    {{lang 'common.login'}}\n                </a>\n                {{#if settings.account_creation_enabled}}\n                    {{lang 'common.or'}}\n                    <a class=\"navPages-action\"\n                       href=\"{{urls.auth.create_account}}\"\n                       aria-label=\"{{lang 'common.sign_up'}}\"\n                    >\n                        {{lang 'common.sign_up'}}\n                    </a>\n                {{/if}}\n            </li>\n        {{/if}}\n        {{#if theme_settings.social_icon_placement_top}}\n            <li class=\"navPages-item\">\n                {{> components/common/social-links}}\n            </li>\n        {{/if}}\n    </ul>\n</nav>\n",
  "components/common/modal/modal": "<div id=\"modal\" class=\"modal\" data-reveal data-prevent-quick-search-close>\n    {{> components/common/modal/modal-close-btn}}\n    <div class=\"modal-content\"></div>\n    <div class=\"loadingOverlay\"></div>\n</div>\n",
  "components/common/alert/alert-modal": "<div id=\"alert-modal\" class=\"modal modal--alert modal--small\" data-reveal data-prevent-quick-search-close>\n    <div class=\"alert-icon error-icon\">\n        <span class=\"icon-content\">\n            <span class=\"line line-left\"></span>\n            <span class=\"line line-right\"></span>\n        </span>\n    </div>\n\n    <div class=\"alert-icon warning-icon\">\n        <div class=\"icon-content\">!</div>\n    </div>\n\n    <div class=\"modal-content\"></div>\n\n    <div class=\"button-container\">\n        <button type=\"button\" class=\"confirm button\" data-reveal-close>{{lang 'common.ok'}}</button>\n        <button type=\"button\" class=\"cancel button\" data-reveal-close>{{lang 'common.cancel'}}</button>\n    </div>\n</div>\n",
  "components/common/social-links": "{{#if social_media}}\n    <ul class=\"socialLinks socialLinks--alt\">\n        {{#each social_media}}\n            <li class=\"socialLinks-item\">\n                <a class=\"icon icon--{{display_name}}\"\n                   href=\"{{url}}\"\n                   target=\"_blank\"\n                   rel=\"noopener\"\n                   title=\"{{{capitalize display_name}}}\"\n                >\n                    <span class=\"aria-description--hidden\">{{{capitalize display_name}}}</span>\n                    <svg>\n                        <use xlink:href=\"#icon-{{display_name}}\"/>\n                    </svg>\n                </a>\n            </li>\n        {{/each}}\n    </ul>\n{{/if}}\n",
  "components/common/subscription-form": "<h3 class=\"footer-info-heading\">{{lang 'newsletter.subscribe'}}</h3>\n<p>{{lang 'newsletter.subscribe_intro'}}</p>\n\n<form class=\"form\" action=\"{{urls.subscribe.action}}\" method=\"post\">\n    <fieldset class=\"form-fieldset\">\n        <input type=\"hidden\" name=\"action\" value=\"subscribe\">\n        <input type=\"hidden\" name=\"nl_first_name\" value=\"bc\">\n        <input type=\"hidden\" name=\"check\" value=\"1\">\n        <div class=\"form-field\">\n            <label class=\"form-label is-srOnly\" for=\"nl_email\">{{lang 'common.email_address'}}</label>\n            <div class=\"form-prefixPostfix wrap\">\n                <input class=\"form-input\"\n                       id=\"nl_email\"\n                       name=\"nl_email\"\n                       type=\"email\"\n                       value=\"{{customer.email}}\"\n                       placeholder=\"{{lang 'newsletter.email_placeholder'}}\"\n                       aria-describedby=\"alertBox-message-text\"\n                       aria-required=\"true\"\n                       required\n                >\n                <input class=\"button button--primary form-prefixPostfix-button--postfix\"\n                       type=\"submit\"\n                       value=\"{{lang 'newsletter.subscribe_submit'}}\"\n                >\n            </div>\n            {{#if settings.show_newsletter_summary }}\n                <div class=\"footer-newsletter-summary\">{{settings.newsletter_summary}}</div>\n            {{/if}}\n        </div>\n    </fieldset>\n</form>\n",
  "components/common/payment-icons": "{{#with theme_settings}}\n    {{#or show_accept_amex show_accept_discover show_accept_mastercard show_accept_paypal show_accept_visa show_accept_amazonpay show_accept_googlepay show_accept_klarna}}\n    <div class=\"footer-payment-icons\">\n        {{#if show_accept_amex}}\n        <svg class=\"footer-payment-icon\"><use xlink:href=\"#icon-logo-american-express\"></use></svg>\n        {{/if}}\n        {{#if show_accept_discover}}\n        <svg class=\"footer-payment-icon\"><use xlink:href=\"#icon-logo-discover\"></use></svg>\n        {{/if}}\n        {{#if show_accept_mastercard}}\n        <svg class=\"footer-payment-icon\"><use xlink:href=\"#icon-logo-mastercard\"></use></svg>\n        {{/if}}\n        {{#if show_accept_paypal}}\n        <svg class=\"footer-payment-icon\"><use xlink:href=\"#icon-logo-paypal\"></use></svg>\n        {{/if}}\n        {{#if show_accept_visa}}\n        <svg class=\"footer-payment-icon\"><use xlink:href=\"#icon-logo-visa\"></use></svg>\n        {{/if}}\n        {{#if show_accept_amazonpay}}\n        <svg class=\"footer-payment-icon\"><use xlink:href=\"#icon-logo-amazonpay\"></use></svg>\n        {{/if}}\n        {{#if show_accept_googlepay}}\n        <svg class=\"footer-payment-icon\"><use xlink:href=\"#icon-logo-googlepay\"></use></svg>\n        {{/if}}\n        {{#if show_accept_klarna}}\n        <svg class=\"footer-payment-icon\"><use xlink:href=\"#icon-logo-klarna\"></use></svg>\n        {{/if}}\n    </div>\n    {{/or}}\n{{/with}}\n",
  "components/common/quick-search": "<div class=\"container\">\n    <form class=\"form\" onsubmit=\"return false\" data-url=\"{{urls.search}}\" data-quick-search-form>\n        <fieldset class=\"form-fieldset\">\n            <div class=\"form-field\">\n                <label class=\"is-srOnly\" for=\"{{name}}\">{{lang \"search.quick_search.input_label\"}}</label>\n                <input class=\"form-input\"\n                       data-search-quick\n                       name=\"{{name}}\"\n                       id=\"{{name}}\"\n                       data-error-message=\"{{lang 'search.error.empty_field'}}\"\n                       placeholder=\"{{lang 'search.quick_search.input_placeholder'}}\"\n                       autocomplete=\"off\"\n                >\n            </div>\n        </fieldset>\n    </form>\n    <section class=\"quickSearchResults\" data-bind=\"html: results\"></section>\n    <p role=\"status\"\n       aria-live=\"polite\"\n       class=\"aria-description--hidden\"\n       data-search-aria-message-predefined-text=\"{{{lang 'search.results.quick_count_live'}}}\"\n    ></p>\n</div>\n",
  "components/common/navigation-list-alternate": "{{#if children}}\n    <a class=\"navPages-action navPages-action-depth-max has-subMenu is-root{{#if is_active}} activePage{{/if}}\"\n       href=\"{{url}}\"\n       data-collapsible=\"navPages-{{id}}\"\n       aria-label=\"{{name}}\"\n    >\n        {{name}}\n        <i class=\"icon navPages-action-moreIcon\" aria-hidden=\"true\">\n            <svg><use xlink:href=\"#icon-chevron-down\" /></svg>\n        </i>\n    </a>\n    {{> components/common/navigation-dropdown}}\n{{else}}\n    <a class=\"navPages-action{{#if is_active}} activePage{{/if}}\"\n       href=\"{{url}}\"\n       aria-label=\"{{name}}\"\n    >\n        {{name}}\n    </a>\n{{/if}}\n",
  "components/common/navigation-list": "{{#if children}}\n<a class=\"navPages-action has-subMenu{{#if is_active}} activePage{{/if}}\"\n   href=\"{{url}}\"\n   data-collapsible=\"navPages-{{id}}\"\n>\n    {{name}}\n    <i class=\"icon navPages-action-moreIcon\" aria-hidden=\"true\">\n        <svg><use xlink:href=\"#icon-chevron-down\" /></svg>\n    </i>\n</a>\n<div class=\"navPage-subMenu\" id=\"navPages-{{id}}\" aria-hidden=\"true\" tabindex=\"-1\">\n    <ul class=\"navPage-subMenu-list\">\n        <li class=\"navPage-subMenu-item\">\n            <a class=\"navPage-subMenu-action navPages-action\"\n               href=\"{{url}}\"\n               aria-label=\"{{lang 'category.view_all.name' category=name}}\"\n            >\n                {{lang 'category.view_all.name' category=name}}\n            </a>\n        </li>\n        {{#each children}}\n            <li class=\"navPage-subMenu-item\">\n                {{#if children}}\n                    <a class=\"navPage-subMenu-action navPages-action has-subMenu{{#if is_active}} activePage{{/if}}\"\n                       href=\"{{url}}\"\n                       aria-label=\"{{name}}\"\n                    >\n                        {{name}}\n                        <span class=\"collapsible-icon-wrapper\"\n                            data-collapsible=\"navPages-{{id}}\"\n                            data-collapsible-disabled-breakpoint=\"medium\"\n                            data-collapsible-disabled-state=\"open\"\n                            data-collapsible-enabled-state=\"closed\"\n                        >\n                            <i class=\"icon navPages-action-moreIcon\" aria-hidden=\"true\">\n                                <svg><use xlink:href=\"#icon-chevron-down\" /></svg>\n                            </i>\n                        </span>\n                    </a>\n                    <ul class=\"navPage-childList\" id=\"navPages-{{id}}\">\n                        {{#each children}}\n                        <li class=\"navPage-childList-item\">\n                            <a class=\"navPage-childList-action navPages-action{{#if is_active}} activePage{{/if}}\"\n                               href=\"{{url}}\"\n                               aria-label=\"{{name}}\"\n                            >\n                                {{name}}\n                            </a>\n                        </li>\n                        {{/each}}\n                    </ul>\n                {{else}}\n                    <a class=\"navPage-subMenu-action navPages-action{{#if is_active}} activePage{{/if}}\"\n                       href=\"{{url}}\"\n                       aria-label=\"{{name}}\"\n                    >\n                        {{name}}\n                    </a>\n                {{/if}}\n            </li>\n        {{/each}}\n    </ul>\n</div>\n{{else}}\n<a class=\"navPages-action{{#if is_active}} activePage{{/if}}\"\n   href=\"{{url}}\"\n   aria-label=\"{{name}}\"\n>\n    {{name}}\n</a>\n{{/if}}\n",
  "components/common/modal/modal-close-btn": "<button class=\"modal-close\"\n        type=\"button\"\n        title=\"{{lang 'common.close'}}\"\n        {{additional_attr}}\n>\n    <span class=\"aria-description--hidden\">{{lang 'common.close'}}</span>\n    <span aria-hidden=\"true\">&#215;</span>\n</button>\n",
  "components/common/navigation-dropdown": "<div class=\"navPage-subMenu navPage-subMenu-horizontal\" id=\"navPages-{{id}}\" aria-hidden=\"true\" tabindex=\"-1\">\n    <ul class=\"navPage-subMenu-list\">\n        <li class=\"navPage-subMenu-item-parent\">\n            <a class=\"navPage-subMenu-action navPages-action navPages-action-depth-max\" href=\"{{url}}\">{{lang 'category.view_all.name' category=name}}</a>\n        </li>\n        {{#each children}}\n            <li class=\"navPage-subMenu-item-child\">\n                {{#if children}}\n                    <a class=\"navPage-subMenu-action navPages-action navPages-action-depth-max has-subMenu{{#if is_active}} activePage{{/if}}\" href=\"{{url}}\" data-collapsible=\"navPages-{{id}}\">\n                        {{name}}<i class=\"icon navPages-action-moreIcon\" aria-hidden=\"true\"><svg><use xlink:href=\"#icon-chevron-down\" /></svg></i>\n                    </a>\n                    {{> components/common/navigation-dropdown}}\n                {{else}}\n                    <a class=\"navPage-subMenu-action navPages-action{{#if is_active}} activePage{{/if}}\" href=\"{{url}}\">{{name}}</a>\n                {{/if}}\n            </li>\n        {{/each}}\n    </ul>\n</div>\n"
}