{
  "pages/home": "---\nproducts:\n    new:\n        limit: {{theme_settings.homepage_new_products_count}}\n    featured:\n        limit: {{theme_settings.homepage_featured_products_count}}\n    men:\n    limit: {{theme_settings.homepage_featured_products_count}}\n    top_sellers:\n        limit: {{theme_settings.homepage_top_products_count}}\ncarousel: {{theme_settings.homepage_show_carousel}}\nblog:\n    recent_posts:\n        limit: {{theme_settings.homepage_blog_posts_count}}\n---\n{{#partial \"hero\"}}\n    {{{region name=\"home_below_menu\"}}}\n    {{#and carousel carousel.slides.length}}\n        {{> components/carousel arrows=theme_settings.homepage_show_carousel_arrows }}\n    {{/and}}\n    {{{region name=\"home_below_carousel\"}}}\n{{/partial}}\n\n{{#partial \"page\"}}\n\n    {{#each shipping_messages}}\n        {{> components/common/alert/alert-info message}}\n    {{/each}}\n\n<div class=\"main full\">\n   \n</div>\n{{/partial}}\n{{> layout/custom/new-base}}\n",
  "components/common/alert/alert-info": "<div class=\"alertBox alertBox--info\" data-promotion-banner>\n    <div class=\"alertBox-column alertBox-icon\">\n        <icon glyph=\"ic-success\" class=\"icon\" aria-hidden=\"true\"><svg xmlns=\"http://www.w3.org/2000/svg\" width=\"24\" height=\"24\" viewBox=\"0 0 24 24\"><path d=\"M12 2C6.48 2 2 6.48 2 12s4.48 10 10 10 10-4.48 10-10S17.52 2 12 2zm1 15h-2v-2h2v2zm0-4h-2V7h2v6z\"></path></svg></icon>\n    </div>\n    <p class=\"alertBox-column alertBox-message\">\n        <span>{{{this}}}</span>\n    </p>\n</div>\n",
  "components/carousel": "<section class=\"heroCarousel\"\n    data-slick='{\n        \"arrows\": {{arrows}},\n        \"mobileFirst\": true,\n        \"slidesToShow\": 1,\n        \"slidesToScroll\": 1,\n        \"autoplay\": true,\n        \"autoplaySpeed\": {{carousel.swap_frequency}},\n        \"slide\": \"[data-hero-slide]\"\n    }'\n>\n    {{#each carousel.slides}}\n    {{#if button_text}}\n    <div data-hero-slide=\"{{@index}}\">\n    {{else}}\n    <a href=\"{{url}}\" data-hero-slide=\"{{@index}}\" aria-label=\"{{#if this.alt_text.length '!=' 0}}{{this.alt_text}}{{else}}{{lang 'carousel.slide_number' slide_number=(add @index 1)}}{{/if}}\">\n    {{/if}}\n        <div class=\"heroCarousel-slide {{#if ../theme_settings.homepage_stretch_carousel_images}}stretch{{/if}} {{#if @first}}heroCarousel-slide--first{{/if}}\">\n            {{#if button_text}}\n            <a href=\"{{url}}\" class=\"heroCarousel-image-wrapper\">\n            {{else}}\n            <div class=\"heroCarousel-image-wrapper\">\n            {{/if}}\n            {{#if @first}}\n                {{> components/common/responsive-img\n                    image=stencil_image \n                    class=\"heroCarousel-image\"\n                    fallback_size='1280w'\n                    lazyload='disabled'\n                }}\n            {{else}}\n                {{> components/common/responsive-img\n                    image=stencil_image\n                    class=\"heroCarousel-image\"\n                    fallback_size='1280w'\n                    lazyload='lazyload'\n                }}\n            {{/if}}\n            {{#if button_text}}\n            </a>\n            {{else}}\n            </div>\n            {{/if}}\n            {{#or heading text button_text}}\n                {{> components/carousel-content}}\n            {{/or}}\n        </div>\n    {{#if button_text}}\n    </div>\n    {{else}}\n    </a>\n    {{/if}}\n    {{/each}}\n    {{#if carousel.slides.length '>' 1}}\n        {{> components/carousel-content-announcement}}\n        {{#if play_pause_button}}\n            {{> components/carousel-play-pause-button}}\n        {{/if}}\n    {{/if}}\n</section>\n",
  "layout/custom/new-base": "<!DOCTYPE html>\n<html class=\"no-js\" lang=\"{{ locale_name }}\">\n    <head>\n        <title>Daily Shop | Home</title>\n        {{{ resourceHints }}}\n        {{{ head.meta_tags }}}\n        {{{ head.config }}}\n        {{#block \"head\"}} {{/block}}\n\n        <link href=\"{{ head.favicon }}\" rel=\"shortcut icon\">\n        <meta name=\"viewport\" content=\"width=device-width, initial-scale=1\">\n\n        <script>\n            {{!-- Change document class from no-js to js so we can detect this in css --}}\n            document.documentElement.className = document.documentElement.className.replace('no-js', 'js');\n        </script>\n\n        {{> components/common/polyfill-script }}\n        <script>window.consentManagerTranslations = `{{{langJson 'consent_manager'}}}`;</script>\n\n        {{!-- Load Lazysizes script ASAP so images will appear --}}\n        <script>\n            {{!-- Only load visible elements until the onload event fires, after which preload nearby elements. --}}\n            window.lazySizesConfig = window.lazySizesConfig || {};\n            window.lazySizesConfig.loadMode = 1;\n        </script>\n        <script async src=\"{{cdn 'assets/dist/theme-bundle.head_async.js' resourceHint='preload' as='script'}}\"></script>\n        \n        {{getFontsCollection font-display='block'}}\n        \n        <script async src=\"{{cdn 'assets/dist/theme-bundle.font.js' resourceHint='preload' as='script'}}\"></script>\n    \n         {{{stylesheet '/assets/css/theme.css'}}}  \n\n\n        \n            \n \n\n        {{{head.scripts}}}\n\n        {{~inject 'zoomSize' theme_settings.zoom_size}}\n        {{~inject 'productSize' theme_settings.product_size}}\n        {{~inject 'genericError' (lang 'common.generic_error')}}\n        {{~inject 'urls' urls}}\n        {{~inject 'secureBaseUrl' settings.secure_base_url}}\n        {{~inject 'cartId' cart_id}}\n        {{~inject 'template' template}}\n        {{~inject 'validationDictionaryJSON' (langJson 'validation_messages')}}\n        {{~inject 'validationFallbackDictionaryJSON' (langJson 'validation_fallback_messages')}}\n        {{~inject 'validationDefaultDictionaryJSON' (langJson 'validation_default_messages')}}\n        {{~inject 'carouselArrowAndDotAriaLabel' (lang 'carousel.arrow_and_dot_aria_label')}}\n        {{~inject 'carouselActiveDotAriaLabel' (lang 'carousel.active_dot_aria_label')}}\n        {{~inject 'carouselContentAnnounceMessage' (lang 'carousel.content_announce_message')}}\n    </head>\n    <body>\n        <svg data-src=\"{{cdn 'img/icon-sprite.svg'}}\" class=\"icons-svg-sprite\"></svg>\n        {{> components/custom/new-header}}\n        {{> components/common/body}}\n       {{> pages/custom/page/home}}\n       <footer id=\"aa-footer\">\n            {{> components/common/footer}}\n          </footer>\n\n\n        <script>window.__webpack_public_path__ = \"{{cdn 'assets/dist/'}}\";</script>\n        <script>\n            {{!-- Exported in app.js --}}\n            function onThemeBundleMain() {\n                window.stencilBootstrap(\"{{page_type}}\", {{jsContext}}).load();\n            }\n        </script>\n        <script async defer src=\"{{cdn 'assets/dist/theme-bundle.main.js' resourceHint='preload' as='script'}}\" onload=\"onThemeBundleMain()\"></script>\n\n        {{{footer.scripts}}}\n    </body>\n</html>\n",
  "components/common/responsive-img": "{{!--\nThis file implements the lazysizes srcset pattern (as seen on\nhttps://github.com/aFarkas/lazysizes#modern-transparent-srcset-pattern) for maximum performance on modern browsers\nand reasonable compatibility with legacy browsers.\n\nThere are a few important arguments to know about when using this component:\n`lazyload`:\n    - If set to 'lazyload+lqip', will load a low-res image which will be replaced by lazysizes - ensuring that SOME\n    content is shown immediately on page load. Without LQIP, a transparent gif will be used instead, which reduces\n    the number of requests needed to load the page, making it even faster.\n    - If set to 'lazyload', the browser will not load the full-size image at first, instead the lazysizes plugin will\n        load it progressively after page load. This improves the load speed of the page, but it should be disabled for\n        high-priority above-the-fold images.\n    - If set to 'disabled', will not attempt to lazyload the image and instead tell the browser to load it immediately.\n        Use this for high-priority images that are above the fold.\n\n`fallback_size`:\n    This is the size to use for this image in legacy browsers that do not support srcset.\n    Can be defined as a pixel bounding-box size (e.g. \"123x123) or inherent width (e.g. \"123w\").\n\n`class`:\n    The CSS classes to add to the image, e.g. \"card-image\". If lazyloading is enabled, all images will have the\n    \"lazyload\" class so that lazysizes will target them automatically.\n\n`otherAttributes`:\n    Any other HTML attributes you want on the img tag, for example \"height='100' width='100'\"\n\n`default_image`:\n    The default image to use if `image` is undefined or falsy. Should be a theme asset, usually defined as a relative\n    path in the theme config. If a default image is not provided, you'll get an image tag with no image if the primary\n    image is undefined.\n\n`lqip_size`:\n    If you want to specify a particular size for the LQIP image, you can do so with this argument. A default of 80\n    pixels wide will be used otherwise. This argument has no effect if the lazyload mode is not \"lazyload+lqip\".\n\n--}}\n<img {{#if image}}{{!-- Get the default image for legacy browsers that do not support srcset\n--}}src=\"{{getImageSrcset image 1x=(default fallback_size '160w')}}\" alt=\"{{image.alt}}\" title=\"{{image.alt}}\" {{!--\n  Allow lazysizes to generate the 'sizes' attribute automatically --}}data-sizes=\"auto\"\n  {{#unless lazyload '==' 'disabled'}}\n    {{#if lazyload '==' 'lazyload+lqip'}}\n    {{!-- If we want a LQIP, include it as the default srcset (will be overwritten by lazysizes) --}}\n    srcset=\"{{getImageSrcset image 1x=(default lqip_size '80w')}}\"\n    {{else}}\n      {{!-- If we don't want a LQIP, use a 1px transparent gif for the stand-in image\n            This requires no additional network request, so it's fast --}}\n    srcset=\"data:image/gif;base64,R0lGODlhAQABAIAAAP///wAAACH5BAEAAAAALAAAAAABAAEAAAICRAEAOw==\"\n    {{/if}}\n{{/unless}}\n{{!-- If lazyloading is disabled, just use \"srcset\". If it is not disabled, use \"data-srcset\" so lazysizes will use\n      this after page load --}}\n{{!--\nGenerate the srcset string using the default sizes defined in the helper. This will allow the browser to\npick the best-sized image based on its own understanding of how it will render the page.\n--}}\n{{#unless lazyload '==' 'disabled'}}data-{{/unless}}srcset=\"{{getImageSrcset image use_default_sizes=true }}\"\n{{else if default_image}}src=\"{{cdn default_image}}\" alt=\"{{lang 'products.card_default_image_alt'}}\"{{/if}}\nclass=\"{{#unless lazyload '==' 'disabled'}}lazyload{{/unless}}{{#if class}} {{class}}{{/if}}\"\n{{#if lazyload '==' 'lazyload'}}loading=\"lazy\"{{/if}}\n{{otherAttributes}} />\n",
  "components/carousel-content": "<div class=\"heroCarousel-content{{#and (if heading '==' false) (if text '==' false)}} heroCarousel-content--empty{{/and}}\">\n    {{#if heading}}\n        <p class=\"heroCarousel-title\">{{{heading}}}</p>\n    {{/if}}\n    {{#if text}}\n        <p class=\"heroCarousel-description\">{{{text}}}</p>\n    {{/if}}\n    {{#if button_text}}\n        <a href=\"{{url}}\" aria-label=\"{{#if this.alt_text.length '!=' 0}}{{this.alt_text}}{{else}}{{lang 'carousel.slide_number' slide_number=(add @index 1)}}{{/if}}, {{button_text}}\" class=\"heroCarousel-action button button--primary button--large\">{{{button_text}}}</a>\n    {{/if}}\n</div>\n",
  "components/carousel-content-announcement": "<span\n    data-carousel-content-change-message\n    class=\"aria-description--hidden\"\n    aria-live=\"polite\" \n    role=\"status\"></span>\n",
  "components/carousel-play-pause-button": "{{inject 'carouselPlayPauseButtonPlay' (lang 'carousel.play_pause_button_play')}}\n{{inject 'carouselPlayPauseButtonPause' (lang 'carousel.play_pause_button_pause')}}\n{{inject 'carouselPlayPauseButtonAriaPlay' (lang 'carousel.play_pause_button_aria_play')}}\n{{inject 'carouselPlayPauseButtonAriaPause' (lang 'carousel.play_pause_button_aria_pause')}}\n\n<button\n    data-play-pause-button\n    type=\"button\"\n    class=\"carousel-play-pause-button\"\n    aria-label=\"{{lang 'carousel.play_pause_button_aria_pause'}}\"\n>\n    {{lang 'carousel.play_pause_button_pause'}}\n</button>\n",
  "components/common/polyfill-script": "<script>\n    {{!--\n        Check for modern browser features, and load polyfills if browser does not appear to support features\n        we need.\n\n            Polyfill approach is all or nothing - please import needed polyfills in /assets/js/polyfills.js\n\n        Inspired by https://philipwalton.com/articles/loading-polyfills-only-when-needed/\n            --}}\n    function browserSupportsAllFeatures() {\n        return window.Promise\n            && window.fetch\n            && window.URL\n            && window.URLSearchParams\n            && window.WeakMap\n            // object-fit support\n            && ('objectFit' in document.documentElement.style);\n    }\n\n    function loadScript(src) {\n        var js = document.createElement('script');\n        js.src = src;\n        js.onerror = function () {\n            console.error('Failed to load polyfill script ' + src);\n        };\n        document.head.appendChild(js);\n    }\n\n    if (!browserSupportsAllFeatures()) {\n        loadScript('{{cdn 'assets/dist/theme-bundle.polyfills.js'}}');\n    }\n</script>\n",
  "components/custom/new-header": "<!DOCTYPE html>\n<html lang=\"en\">\n<head>\n    <meta charset=\"utf-8\">\n    <meta http-equiv=\"X-UA-Compatible\" content=\"IE=edge\">\n    <meta name=\"viewport\" content=\"width=device-width, initial-scale=1\">    \n    <title>Daily Shop | Home</title>\n\n    <!-- Font awesome -->\n    <link href=\"{{cdn '../../../assets/custom/css/font-awesome.css'}}\" rel=\"stylesheet\">\n    <!-- Bootstrap -->\n    <link href=\"{{cdn '../../../assets/custom/css/bootstrap.css'}}\" rel=\"stylesheet\">   \n    <!-- SmartMenus jQuery Bootstrap Addon CSS -->\n    <link href=\"{{cdn '../../../assets/custom/css/jquery.smartmenus.bootstrap.css'}}\" rel=\"stylesheet\">\n    <!-- Product view slider -->\n    <link rel=\"stylesheet\" type=\"text/css\" href=\"{{cdn '../../../assets/custom/css/jquery.simpleLens.css'}}\">    \n    <!-- slick slider -->\n    <!-- price picker slider -->\n    <link rel=\"stylesheet\" type=\"text/css\" href=\"{{cdn '../../../assets/custom/css/nouislider.css'}}\">\n    <!-- Theme color -->\n    <link id=\"switcher\" href=\"{{cdn '../../../assets/custom/css/theme-color/default-theme.css'}}\" rel=\"stylesheet\">\n    <!-- <link id=\"switcher\" href=\"css/theme-color/bridge-theme.css\" rel=\"stylesheet\"> -->\n    <!-- Top Slider CSS -->\n    <link href=\"{{cdn '../../../assets/custom/css/sequence-theme.modern-slide-in.css'}}\" rel=\"stylesheet\" media=\"all\">\n\n    <!-- Main style sheet -->\n    <link href=\"{{cdn '../../../assets/custom/css/style.css'}}\" rel=\"stylesheet\">    \n\n    <!-- Google Font -->\n    <link href='https://fonts.googleapis.com/css?family=Lato' rel='stylesheet' type='text/css'>\n    <link href='https://fonts.googleapis.com/css?family=Raleway' rel='stylesheet' type='text/css'>\n</head>\n<body>\n    <header id=\"aa-header\">\n        <!-- start header top  -->\n        <div class=\"aa-header-top\">\n          <div class=\"container\">\n            <div class=\"row\">\n              <div class=\"col-md-12\">\n                <div class=\"aa-header-top-area\">\n                  <!-- start header top left -->\n                  <div class=\"aa-header-top-left\">\n                    <!-- start language -->\n                    <div class=\"aa-language\">\n                      <div >\n                        <a class=\"btn dropdown-toggle\" href=\"#\" type=\"button\" id=\"dropdownMenu1\" data-toggle=\"dropdown\" aria-haspopup=\"true\" aria-expanded=\"true\">\n                          <img src=\"{{cdn '../../../../assets/custom/img/flag/english.jpg'}}\" alt=\"english flag\">ENGLISH\n                          <span class=\"caret\"></span>\n                        </a>\n                        <ul class=\"dropdown-menu\" aria-labelledby=\"dropdownMenu1\">\n                          <li><a href=\"#\"><img src=\"{{cdn '../../../../assets/custom/img/flag/french.jpg'}}\" alt=\"\">FRENCH</a></li>\n                          <li><a href=\"#\"><img src=\"{{cdn '../../../../assets/custom/img/flag/english.jpg'}}\" alt=\"\">ENGLISH</a></li>\n                        </ul>\n                      </div>\n                    </div>\n                    <!-- / language -->\n    \n                    <!-- start currency -->\n                    <div class=\"aa-currency\">\n                      <div >\n                        <a class=\"btn dropdown-toggle\" href=\"#\" type=\"button\" id=\"dropdownMenu1\" data-toggle=\"dropdown\" aria-haspopup=\"true\" aria-expanded=\"true\">\n                          <i class=\"fa fa-usd\"></i>USD\n                          <span class=\"caret\"></span>\n                        </a>\n                        <ul class=\"dropdown-menu\" aria-labelledby=\"dropdownMenu1\">\n                          <li><a href=\"#\"><i class=\"fa fa-euro\"></i>EURO</a></li>\n                          <li><a href=\"#\"><i class=\"fa fa-jpy\"></i>YEN</a></li>\n                        </ul>\n                      </div>\n                    </div>\n                    <!-- / currency -->\n                    <!-- start cellphone -->\n                    <div class=\"cellphone hidden-xs\">\n                      <p><span class=\"fa fa-phone\"></span>00-62-658-658</p>\n                    </div>\n                    <!-- / cellphone -->\n                  </div>\n                  <!-- / header top left -->\n                  <div class=\"aa-header-top-right\">\n                    <ul class=\"aa-head-top-nav-right\">\n                      \n                    \n                      <li>\n                      \n                      {{#if customer}}\n                      <a \n                         href=\"{{urls.account.index}}\"\n                         aria-label=\"{{lang 'common.account'}}\"\n                      >\n                          {{lang 'common.account'}}\n                      </a>\n                      <a \n                         href=\"{{urls.auth.logout}}\"\n                         aria-label=\"{{lang 'common.logout'}}\"\n                      >\n                          {{lang 'common.logout'}}\n                      </a>\n                  {{else}}\n                      <a \n                         href=\"{{urls.auth.login}}\"\n                         aria-label=\"{{lang 'common.login'}}\"\n                      >\n                          {{lang 'common.login'}}\n                      </a>\n                      {{#if settings.account_creation_enabled}}\n                          <a \n                             href=\"{{urls.auth.create_account}}\"\n                             aria-label=\"{{lang 'common.sign_up'}}\"\n                          >\n                              {{lang 'common.sign_up'}}\n                          </a>\n                      {{/if}}\n                  {{/if}}\n                  </li>\n                    </ul>\n                  </div>\n                </div>\n              </div>\n            </div>\n          </div>\n        </div>\n        <!-- / header top  -->\n    \n        <!-- start header bottom  -->\n        <div class=\"aa-header-bottom\">\n          <div class=\"container\">\n            <div class=\"row\">\n              <div class=\"col-md-12\">\n                <div class=\"aa-header-bottom-area\">\n                  <!-- logo  -->\n                  <div class=\"aa-logo\">\n                    <!-- Text based logo -->\n                    <!-- <a href=\"index.html\">\n                      <span class=\"fa fa-shopping-cart\"></span>\n                      <p>daily<strong>Shop</strong> <span>Your Shopping Partner</span></p>\n                    </a> -->\n                    <!-- img based logo -->\n                    <a href=\"{{urls.home}}\"><img src=\"{{cdn '../../../../assets/custom/img/logo.jpg'}}\" alt=\"logo img\"></a>\n                  </div>\n                  <!-- / logo  -->\n                   <!-- cart box -->\n                  <div class=\"aa-cartbox\" >\n                   \n                      <a class=\"aa-cart-link\"\n                         data-cart-preview\n                         data-dropdown=\"cart-preview-dropdown\"\n                          href=\"{{urls.cart}}\"\n                         aria-label=\"{{lang 'cart.nav_aria_label'}}\"\n                      >\n                      <span class=\"fa fa-shopping-basket\"></span>\n                      <span class=\"aa-cart-title\">SHOPPING CART</span>\n                          <span class=\"aa-cart-notify countPill cart-quantity\"></span>\n                      </a>\n          \n                      <div class=\"aa-cartbox-summary\" id=\"cart-preview-dropdown\" data-dropdown-content aria-hidden=\"true\"></div>\n                \n                    <!-- <a class=\"navUser-action\"\n                    data-cart-preview\n                    data-dropdown=\"cart-preview-dropdown\"\n                    data-options=\"align:right\"\n                    href=\"{{urls.cart}}\"\n                    aria-label=\"{{lang 'cart.nav_aria_label'}}\">\n                      <span class=\"fa fa-shopping-basket\"></span>\n                      <span class=\"aa-cart-title\">SHOPPING CART</span>\n                      <span class=\"aa-cart-notify countPill cart-quantity\"></span>\n                    </a> -->\n                    \n                  </div>\n                  \n                  <!-- / cart box -->\n                  <!-- search box -->\n                  <div class=\"aa-search-box\">\n                    {{> components/common/search-box}}\n                  </div>\n                  <!-- / search box -->             \n                </div>\n              </div>\n            </div>\n          </div>\n        </div>\n        <!-- / header bottom  -->\n      </header>\n\n      {{> components/common/navigation-menu}}\n                <!-- jQuery library -->\n  <script src=\"https://ajax.googleapis.com/ajax/libs/jquery/1.11.3/jquery.min.js\"></script>\n  <!-- Include all compiled plugins (below), or include individual files as needed -->\n  <script src=\"{{cdn '../../../assets/custom/js/bootstrap.js'}}\"></script>  \n  <!-- SmartMenus jQuery plugin -->\n  <script type=\"text/javascript\" src=\"{{cdn '../../../assets/custom/js/jquery.smartmenus.js'}}\"></script>\n  <!-- SmartMenus jQuery Bootstrap Addon -->\n  <script type=\"text/javascript\" src=\"{{cdn '../../../assets/custom/js/jquery.smartmenus.bootstrap.js'}}\"></script>  \n  <!-- To Slider JS -->\n  <script src=\"{{cdn '../../../assets/custom/js/sequence.js'}}\"></script>\n  <script src=\"{{cdn '../../../assets/custom/js/sequence-theme.modern-slide-in.js'}}\"></script>  \n  <!-- Product view slider -->\n  <script type=\"text/javascript\" src=\"{{cdn '../../../assets/custom/js/jquery.simpleGallery.js'}}\"></script>\n  <script type=\"text/javascript\" src=\"{{cdn '../../../assets/custom/js/jquery.simpleLens.js'}}\"></script>\n  <!-- slick slider -->\n  <script type=\"text/javascript\" src=\"{{cdn '../../../assets/custom/js/slick.js'}}\"></script>\n  <!-- Price picker slider -->\n  <script type=\"text/javascript\" src=\"{{cdn '../../../assets/custom/js/nouislider.js'}}\"></script>\n  <!-- Custom js -->\n  <script src=\"{{cdn '../../../assets/custom/js/custom.js'}}\"></script> \n\n</body>\n</html>",
  "components/common/body": "<main class=\"body\" id=\"main-content\" role=\"main\" data-currency-code=\"{{currency_selector.active_currency_code}}\">\n    {{#block \"hero\"}} {{/block}}\n    <div class=\"container\">\n        {{#block \"page\"}} {{/block}}\n    </div>\n    {{> components/common/modal/modal}}\n    {{> components/common/alert/alert-modal}}\n</main>\n",
  "pages/custom/page/home": "<!DOCTYPE html>\n<html lang=\"en\">\n\n<head>\n  <meta charset=\"utf-8\">\n  <meta http-equiv=\"X-UA-Compatible\" content=\"IE=edge\">\n  <meta name=\"viewport\" content=\"width=device-width, initial-scale=1\">\n  <title>Daily Shop </title>\n\n\n  <!-- Google Font -->\n  <link href='https://fonts.googleapis.com/css?family=Lato' rel='stylesheet' type='text/css'>\n  <link href='https://fonts.googleapis.com/css?family=Raleway' rel='stylesheet' type='text/css'>\n\n  <!-- HTML5 shim and Respond.js for IE8 support of HTML5 elements and media queries -->\n  <!-- WARNING: Respond.js doesn't work if you view the page via file:// -->\n  <!--[if lt IE 9]>\n      <script src=\"https://oss.maxcdn.com/html5shiv/3.7.2/html5shiv.min.js\"></script>\n      <script src=\"https://oss.maxcdn.com/respond/1.4.2/respond.min.js\"></script>\n    <![endif]-->\n\n\n</head>\n\n<body>\n  <!-- wpf loader Two -->\n  <div id=\"wpf-loader-two\">\n    <div class=\"wpf-loader-two-inner\">\n      <span>Loading</span>\n    </div>\n  </div>\n  <!-- / wpf loader Two -->\n  <!-- SCROLL TOP BUTTON -->\n  <a class=\"scrollToTop\" href=\"#\"><i class=\"fa fa-chevron-up\"></i></a>\n  <!-- END SCROLL TOP BUTTON -->\n\n\n\n\n  <!-- / menu -->\n \n\n\n\n  <!-- Start Promo section -->  \n  <section id=\"aa-promo\"> \n    <div class=\"container\">\n      <div class=\"row\">\n        <div class=\"col-md-12\">\n          <div class=\"aa-promo-area\">\n            <div class=\"row\">\n              <!-- promo left -->\n              <div class=\"col-md-5 no-padding\">\n                <div class=\"aa-promo-left\">\n                  <div class=\"aa-promo-banner\">\n                    <img src=\"https://media.istockphoto.com/id/1398610798/photo/young-woman-in-linen-shirt-shorts-and-high-heels-pointing-to-the-side-and-talking.jpg?b=1&s=170667a&w=0&k=20&c=rQlOFuWCQU8efYVcJuJmXd831QNHco6kmAvHFcbwlEk=\" alt=\"img\">\n                    <div class=\"aa-prom-content\">\n                      <span>75% Off</span>\n                      <h4><a href=\"#\">For Women</a></h4>\n                    </div>\n                  </div>\n                </div>\n              </div>\n              <!-- promo right -->\n              <div class=\"col-md-7 no-padding\">\n                <div class=\"aa-promo-right\">\n                  <div class=\"aa-single-promo-right\">\n                    <div class=\"aa-promo-banner\">\n                      <img src=\"https://encrypted-tbn0.gstatic.com/images?q=tbn:ANd9GcQqaa0vFL26jdrt9_TBGablXtBlqeohlsaMGA&usqp=CAU\" alt=\"img\">\n                      <div class=\"aa-prom-content\">\n                        <span>Exclusive Item</span>\n                        <h4><a href=\"#\">For Men</a></h4>\n                      </div>\n                    </div>\n                  </div>\n                  <div class=\"aa-single-promo-right\">\n                    <div class=\"aa-promo-banner\">\n                      <img src=\"https://m.media-amazon.com/images/W/IMAGERENDERING_521856-T1/images/I/51-ObGeHj0L.jpg\" alt=\"img\">\n                      <div class=\"aa-prom-content\">\n                        <span>Sale Off</span>\n                        <h4><a href=\"#\">On Shoes</a></h4>\n                      </div>\n                    </div>\n                  </div>\n                  <div class=\"aa-single-promo-right\">\n                    <div class=\"aa-promo-banner\">\n                      <img src=\"https://img.freepik.com/free-photo/portrait-cute-little-boy-girl-stylish-jeans-clothes-looking-camera-studio_155003-21555.jpg?w=360\" alt=\"img\">\n                      <div class=\"aa-prom-content\">\n                        <span>New Arrivals</span>\n                        <h4><a href=\"#\">For Kids</a></h4>\n                      </div>\n                    </div>\n                  </div>\n                  <div class=\"aa-single-promo-right\">\n                    <div class=\"aa-promo-banner\">\n                      <img src=\"https://imgs7.luluandsky.com/catalog/product/8/9/8907884627601_2.JPG\" alt=\"img\">\n                      <div class=\"aa-prom-content\">\n                        <span>25% Off</span>\n                        <h4><a href=\"#\">For Bags</a></h4>\n                      </div>\n                    </div>\n                  </div>\n                </div>\n              </div>\n            </div>\n          </div>\n        </div>\n      </div>\n    </div>\n  </section>\n\n\n\n          {{#if products}}\n            {{> components/custom/product products= products \n              columns=theme_settings.homepage_top_products_column_count \n              settings=../settings theme_settings=../theme_settings customer=../customer event=\"list\" position=(add @index 1)}}\n            {{/if}}\n            \n\n          <!-- Support section -->\n          <section id=\"aa-support\">\n            <div class=\"container\">\n              <div class=\"row\">\n                <div class=\"col-md-12\">\n                  <div class=\"aa-support-area\">\n                    <!-- single support -->\n                    <div class=\"col-md-4 col-sm-4 col-xs-12\">\n                      <div class=\"aa-support-single\">\n                        <span class=\"fa fa-truck\"></span>\n                        <h4>FREE SHIPPING</h4>\n                        <P>Lorem ipsum dolor sit amet, consectetur adipisicing elit. Quam, nobis.</P>\n                      </div>\n                    </div>\n                    <!-- single support -->\n                    <div class=\"col-md-4 col-sm-4 col-xs-12\">\n                      <div class=\"aa-support-single\">\n                        <span class=\"fa fa-clock-o\"></span>\n                        <h4>30 DAYS MONEY BACK</h4>\n                        <P>Lorem ipsum dolor sit amet, consectetur adipisicing elit. Quam, nobis.</P>\n                      </div>\n                    </div>\n                    <!-- single support -->\n                    <div class=\"col-md-4 col-sm-4 col-xs-12\">\n                      <div class=\"aa-support-single\">\n                        <span class=\"fa fa-phone\"></span>\n                        <h4>SUPPORT 24/7</h4>\n                        <P>Lorem ipsum dolor sit amet, consectetur adipisicing elit. Quam, nobis.</P>\n                      </div>\n                    </div>\n                  </div>\n                </div>\n              </div>\n            </div>\n          </section>\n          <!-- / Support section -->\n          <!-- Testimonial -->\n          <section id=\"aa-testimonial\">\n            <div class=\"container\">\n              <div class=\"row\">\n                <div class=\"col-md-12\">\n                  <div class=\"aa-testimonial-area\">\n                    <ul class=\"aa-testimonial-slider\">\n                      <!-- single slide -->\n                      <li>\n                        <div class=\"aa-testimonial-single\">\n                          <img class=\"aa-testimonial-img\" src=\"https://thenational-the-national-prod.cdn.arcpublishing.com/resizer/3qTC6tVpfNFnCfTvXCwNrBTmMVY=/800x0/filters:format(jpg):quality(70)/cloudfront-eu-central-1.images.arcpublishing.com/thenational/Y6JXFOVOFAPTDZBYP72QYFLB7A.jpg\"\n                            alt=\"testimonial img\">\n                          <span class=\"fa fa-quote-left aa-testimonial-quote\"></span>\n                          <p>Lorem ipsum dolor sit amet, consectetur adipisicing elit. Sunt distinctio omnis possimus,\n                            facere, quidem qui!consectetur adipisicing elit. Sunt distinctio omnis possimus, facere,\n                            quidem qui.</p>\n                          <div class=\"aa-testimonial-info\">\n                            <p>Allison</p>\n                            <span>Designer</span>\n                            <a href=\"#\">Dribble.com</a>\n                          </div>\n                        </div>\n                      </li>\n                      <!-- single slide -->\n                      <li>\n                        <div class=\"aa-testimonial-single\">\n                          <img class=\"aa-testimonial-img\" src=\"https://thenational-the-national-prod.cdn.arcpublishing.com/resizer/3qTC6tVpfNFnCfTvXCwNrBTmMVY=/800x0/filters:format(jpg):quality(70)/cloudfront-eu-central-1.images.arcpublishing.com/thenational/Y6JXFOVOFAPTDZBYP72QYFLB7A.jpg\"\n                            alt=\"testimonial img\">\n                          <span class=\"fa fa-quote-left aa-testimonial-quote\"></span>\n                          <p>Lorem ipsum dolor sit amet, consectetur adipisicing elit. Sunt distinctio omnis possimus,\n                            facere, quidem qui!consectetur adipisicing elit. Sunt distinctio omnis possimus, facere,\n                            quidem qui.</p>\n                          <div class=\"aa-testimonial-info\">\n                            <p>KEVIN MEYER</p>\n                            <span>CEO</span>\n                            <a href=\"#\">Alphabet</a>\n                          </div>\n                        </div>\n                      </li>\n                      <!-- single slide -->\n                      <li>\n                        <div class=\"aa-testimonial-single\">\n                          <img class=\"aa-testimonial-img\" src=\"https://thenational-the-national-prod.cdn.arcpublishing.com/resizer/3qTC6tVpfNFnCfTvXCwNrBTmMVY=/800x0/filters:format(jpg):quality(70)/cloudfront-eu-central-1.images.arcpublishing.com/thenational/Y6JXFOVOFAPTDZBYP72QYFLB7A.jpg\"\n                            alt=\"testimonial img\">\n                          <span class=\"fa fa-quote-left aa-testimonial-quote\"></span>\n                          <p>Lorem ipsum dolor sit amet, consectetur adipisicing elit. Sunt distinctio omnis possimus,\n                            facere, quidem qui!consectetur adipisicing elit. Sunt distinctio omnis possimus, facere,\n                            quidem qui.</p>\n                          <div class=\"aa-testimonial-info\">\n                            <p>Luner</p>\n                            <span>COO</span>\n                            <a href=\"#\">Kinatic Solution</a>\n                          </div>\n                        </div>\n                      </li>\n                    </ul>\n                  </div>\n                </div>\n              </div>\n            </div>\n          </section>\n          <!-- / Testimonial -->\n\n          <!-- Latest Blog -->\n          <section id=\"aa-latest-blog\">\n            <div class=\"container\">\n              <div class=\"row\">\n                <div class=\"col-md-12\">\n                  <div class=\"aa-latest-blog-area\">\n                    <h2>LATEST BLOG</h2>\n                    <div class=\"row\">\n                      <!-- single latest blog -->\n                      <div class=\"col-md-4 col-sm-4\">\n                        <div class=\"aa-latest-blog-single\">\n                          <figure class=\"aa-blog-img\">\n                            <a href=\"#\"><img src=\"https://t3.ftcdn.net/jpg/01/83/68/98/360_F_183689833_2TCLx80Abnqh0qb6cPfVT5uVoawZHdj9.jpg\" alt=\"img\"></a>\n                            <figcaption class=\"aa-blog-img-caption\">\n                              <span href=\"#\"><i class=\"fa fa-eye\"></i>5K</span>\n                              <a href=\"#\"><i class=\"fa fa-thumbs-o-up\"></i>426</a>\n                              <a href=\"#\"><i class=\"fa fa-comment-o\"></i>20</a>\n                              <span href=\"#\"><i class=\"fa fa-clock-o\"></i>June 26, 2016</span>\n                            </figcaption>\n                          </figure>\n                          <div class=\"aa-blog-info\">\n                            <h3 class=\"aa-blog-title\"><a href=\"#\">Lorem ipsum dolor sit amet</a></h3>\n                            <p>Lorem ipsum dolor sit amet, consectetur adipisicing elit. Assumenda, ad? Autem quos natus\n                              nisi aperiam, beatae, fugiat odit vel impedit dicta enim repellendus animi. Expedita quas\n                              reprehenderit incidunt, voluptates corporis.</p>\n                            <a href=\"#\" class=\"aa-read-mor-btn\">Read more <span\n                                class=\"fa fa-long-arrow-right\"></span></a>\n                          </div>\n                        </div>\n                      </div>\n                      <!-- single latest blog -->\n                      <div class=\"col-md-4 col-sm-4\">\n                        <div class=\"aa-latest-blog-single\">\n                          <figure class=\"aa-blog-img\">\n                            <a href=\"#\"><img src=\"https://t3.ftcdn.net/jpg/01/83/68/98/360_F_183689833_2TCLx80Abnqh0qb6cPfVT5uVoawZHdj9.jpg\" alt=\"img\"></a>\n                            <figcaption class=\"aa-blog-img-caption\">\n                              <span href=\"#\"><i class=\"fa fa-eye\"></i>5K</span>\n                              <a href=\"#\"><i class=\"fa fa-thumbs-o-up\"></i>426</a>\n                              <a href=\"#\"><i class=\"fa fa-comment-o\"></i>20</a>\n                              <span href=\"#\"><i class=\"fa fa-clock-o\"></i>June 26, 2016</span>\n                            </figcaption>\n                          </figure>\n                          <div class=\"aa-blog-info\">\n                            <h3 class=\"aa-blog-title\"><a href=\"#\">Lorem ipsum dolor sit amet</a></h3>\n                            <p>Lorem ipsum dolor sit amet, consectetur adipisicing elit. Assumenda, ad? Autem quos natus\n                              nisi aperiam, beatae, fugiat odit vel impedit dicta enim repellendus animi. Expedita quas\n                              reprehenderit incidunt, voluptates corporis.</p>\n                            <a href=\"#\" class=\"aa-read-mor-btn\">Read more <span\n                                class=\"fa fa-long-arrow-right\"></span></a>\n                          </div>\n                        </div>\n                      </div>\n                      <!-- single latest blog -->\n                      <div class=\"col-md-4 col-sm-4\">\n                        <div class=\"aa-latest-blog-single\">\n                          <figure class=\"aa-blog-img\">\n                            <a href=\"#\"><img src=\"https://t3.ftcdn.net/jpg/01/83/68/98/360_F_183689833_2TCLx80Abnqh0qb6cPfVT5uVoawZHdj9.jpg\" alt=\"img\"></a>\n                            <figcaption class=\"aa-blog-img-caption\">\n                              <span href=\"#\"><i class=\"fa fa-eye\"></i>5K</span>\n                              <a href=\"#\"><i class=\"fa fa-thumbs-o-up\"></i>426</a>\n                              <a href=\"#\"><i class=\"fa fa-comment-o\"></i>20</a>\n                              <span href=\"#\"><i class=\"fa fa-clock-o\"></i>June 26, 2016</span>\n                            </figcaption>\n                          </figure>\n                          <div class=\"aa-blog-info\">\n                            <h3 class=\"aa-blog-title\"><a href=\"#\">Lorem ipsum dolor sit amet</a></h3>\n                            <p>Lorem ipsum dolor sit amet, consectetur adipisicing elit. Assumenda, ad? Autem quos natus\n                              nisi aperiam, beatae, fugiat odit vel impedit dicta enim repellendus animi. Expedita quas\n                              reprehenderit incidunt, voluptates corporis.</p>\n                            <a href=\"#\" class=\"aa-read-mor-btn\">Read more <span\n                                class=\"fa fa-long-arrow-right\"></span></a>\n                          </div>\n                        </div>\n                      </div>\n                    </div>\n                  </div>\n                </div>\n              </div>\n            </div>\n          </section>\n          <!-- / Latest Blog -->\n\n          <!-- Client Brand -->\n          <section id=\"aa-client-brand\">\n            <div class=\"container\">\n              <div class=\"row\">\n                <div class=\"col-md-12\">\n                  <div class=\"aa-client-brand-area\">\n                    <ul class=\"aa-client-brand-slider\">\n                      <li><a href=\"#\"><img src=\"{{cdn 'assets/custom/img/client-brand-java.png'}}\" alt=\"java img\"></a>\n                      </li>\n                      <li><a href=\"#\"><img src=\"{{cdn 'assets/custom/img/client-brand-jquery.png'}}\"\n                            alt=\"jquery img\"></a></li>\n                      <li><a href=\"#\"><img src=\"{{cdn 'assets/custom/img/client-brand-html5.png'}}\" alt=\"html5 img\"></a>\n                      </li>\n                      <li><a href=\"#\"><img src=\"{{cdn 'assets/custom/img/client-brand-css3.png'}}\" alt=\"css3 img\"></a>\n                      </li>\n                      <li><a href=\"#\"><img src=\"{{cdn 'assets/custom/img/client-brand-wordpress.png'}}\"\n                            alt=\"wordPress img\"></a></li>\n                      <li><a href=\"#\"><img src=\"{{cdn 'assets/custom/img/client-brand-joomla.png'}}\"\n                            alt=\"joomla img\"></a></li>\n                      <li><a href=\"#\"><img src=\"{{cdn 'assets/custom/img/client-brand-java.png'}}\" alt=\"java img\"></a>\n                      </li>\n                      <li><a href=\"#\"><img src=\"{{cdn 'assets/custom/img/client-brand-jquery.png'}}\"\n                            alt=\"jquery img\"></a></li>\n                      <li><a href=\"#\"><img src=\"{{cdn 'assets/custom/img/client-brand-html5.png'}}\" alt=\"html5 img\"></a>\n                      </li>\n                      <li><a href=\"#\"><img src=\"{{cdn 'assets/custom/img/client-brand-css3.png'}}\" alt=\"css3 img\"></a>\n                      </li>\n                      <li><a href=\"#\"><img src=\"{{cdn 'assets/custom/img/client-brand-wordpress.png'}}\"\n                            alt=\"wordPress img\"></a></li>\n                    </ul>\n                  </div>\n                </div>\n              </div>\n            </div>\n          </section>\n          <!-- / Client Brand -->\n\n          <!-- footer -->\n         \n          <!-- / footer -->\n\n\n\n          \n\n</body>\n\n</html>",
  "components/common/footer": "{{#if banners.bottom}}\n    {{#if settings.data_tag_enabled}}\n        <div class=\"banners\" data-banner-location=\"bottom\">\n            {{#each (limit banners.bottom_metadata 1)}}\n                <div class=\"banner\" data-event-type=\"promotion\" data-entity-id=\"{{this.id}}\" data-name=\"{{this.banner-name}}\" data-position=\"{{this.location}}\" data-name=\"{{this.banner-name}}\">\n                    <div data-event-type=\"promotion-click\">\n                        {{{this.content}}}\n                    </div>\n                </div>\n            {{/each}}\n        </div>\n    {{else}}\n        <div class=\"banners\" data-banner-location=\"bottom\">\n            <div class=\"banner\">\n                {{{limit banners.bottom 1}}}\n            </div>\n        </div>\n    {{/if}}\n\n{{/if}}\n<footer class=\"footer\" role=\"contentinfo\">\n    <h2 class=\"footer-title-sr-only\">{{lang 'footer.title'}}</h2>\n    <div class=\"container\">\n        {{#if theme_settings.social_icon_placement_bottom '!==' 'bottom_none'}}\n            <article class=\"footer-info-col\n                footer-info-col--social\n                footer-info-col--{{#if theme_settings.social_icon_placement_bottom '===' 'bottom_left'}}left{{else}}right{{/if}}\"\n                data-section-type=\"footer-webPages\">\n                    <h3 class=\"footer-info-heading\">{{lang 'social.connect'}}</h3>\n                    {{> components/common/social-links}}\n            </article>\n        {{/if}}\n        <section class=\"footer-info\">\n            <article class=\"footer-info-col footer-info-col--small\" data-section-type=\"footer-webPages\">\n                <h3 class=\"footer-info-heading\">{{lang 'footer.navigate'}}</h3>\n                <ul class=\"footer-info-list\">\n                    {{#each pages}}\n                        <li>\n                            <a href=\"{{url}}\">{{name}}</a>\n                        </li>\n                    {{/each}}\n                    <li>\n                        <a href=\"{{urls.sitemap}}\">{{lang 'sitemap.page_title'}}</a>\n                    </li>\n                </ul>\n            </article>\n\n            <article class=\"footer-info-col footer-info-col--small\" data-section-type=\"footer-categories\">\n                <h3 class=\"footer-info-heading\">{{lang 'footer.categories'}}</h3>\n                <ul class=\"footer-info-list\">\n                    {{#each categories}}\n                        <li>\n                            <a href=\"{{url}}\">{{name}}</a>\n                        </li>\n                    {{/each}}\n                </ul>\n            </article>\n\n            {{#and theme_settings.shop_by_brand_show_footer shop_by_brand.length}}\n            <article class=\"footer-info-col footer-info-col--small\" data-section-type=\"footer-brands\">\n                <h3 class=\"footer-info-heading\">{{lang 'footer.brands'}}</h3>\n                <ul class=\"footer-info-list\">\n                    {{#each shop_by_brand}}\n                        <li>\n                            <a href=\"{{url}}\">{{name}}</a>\n                        </li>\n                    {{/each}}\n                    <li><a href=\"{{urls.brands}}\">{{lang 'common.view_all'}}</a></li>\n                </ul>\n            </article>\n            {{/and}}\n\n            {{#if settings.address}}\n            <article class=\"footer-info-col footer-info-col--small\" data-section-type=\"storeInfo\">\n                <h3 class=\"footer-info-heading\">{{lang 'footer.info'}}</h3>\n                <address>{{nl2br settings.address}}</address>\n                {{#if settings.phone_number}}\n                    <strong>{{lang 'footer.call_us' phone_number=settings.phone_number}}</strong>\n                {{/if}}\n            </article>\n            {{/if}}\n\n            <article class=\"footer-info-col\" data-section-type=\"newsletterSubscription\">\n                {{#if settings.show_newsletter_box}}\n                    {{> components/common/subscription-form}}\n                {{/if}}\n                {{> components/common/payment-icons}}\n            </article>\n        </section>\n        {{#if settings.paypal_commerce_credit_message}}\n        <div class=\"footer-copyright\">\n            <p class=\"paypal-credit\">{{nl2br settings.paypal_commerce_credit_message}}</p>\n        </div>\n        {{/if}}\n        {{#if theme_settings.show_powered_by}}\n            <div class=\"footer-copyright\">\n                <p class=\"powered-by\">{{lang 'footer.powered_by'}} <a href=\"https://www.bigcommerce.com?utm_source=merchant&amp;utm_medium=poweredbyBC\" rel=\"nofollow\">BigCommerce</a></p>\n            </div>\n        {{/if}}\n        {{#if theme_settings.show_copyright_footer}}\n            <div class=\"footer-copyright\">\n                <p class=\"powered-by\">&copy; {{moment format=\"YYYY\"}} {{settings.store_name}} </p>\n            </div>\n        {{/if}}\n    </div>\n    {{{region name=\"ssl_site_seal--global\"}}}\n</footer>\n",
  "components/common/search-box": "<form class=\"form\"  action=\"{{urls.search}}\">\n    <fieldset class=\"form-fieldset\">\n        <div class=\"form-field\">\n            <label class=\"form-label is-srOnly\" for=\"search_query_adv\">{{lang 'search.results.form_label'}}</label>\n            <div class=\"aa-search-box\">\n                <input class=\"form-input\" id=\"search_query_adv\" name=\"search_query_adv\" value=\"{{forms.search.query}}\">\n                <button type=\"submit\" value=\"{{lang 'search.results.form_button_text'}}\"><span class=\"fa fa-search\"></span></button>\n            </input>\n\n            </div>\n        </div>\n    </fieldset>\n</form>\n",
  "components/common/modal/modal": "<div id=\"modal\" class=\"modal\" data-reveal data-prevent-quick-search-close>\n    {{> components/common/modal/modal-close-btn}}\n    <div class=\"modal-content\"></div>\n    <div class=\"loadingOverlay\"></div>\n</div>\n",
  "components/common/navigation-menu": "<nav class=\"navPages\">\n    <div class=\"navPages-quickSearch\">\n        {{> components/common/quick-search name='nav-menu-quick-search'}}\n    </div>\n    <ul class=\"navPages-list{{#if theme_settings.navigation_design '!==' 'simple'}} navPages-list-depth-max{{/if}}\">\n        {{#each categories}}\n            <li class=\"navPages-item\">\n            {{#if ../theme_settings.navigation_design '===' 'simple'}}\n                {{> components/common/navigation-list}}\n            {{/if}}\n            {{#if ../theme_settings.navigation_design '===' 'alternate'}}\n                {{> components/common/navigation-list-alternate}}\n            {{/if}}\n            </li>\n        {{/each}}\n        {{#unless theme_settings.hide_content_navigation}}\n            {{#each pages}}\n                 <li class=\"navPages-item navPages-item-page\">\n                     <a class=\"navPages-action{{#if name '==' ../page.title}} activePage{{/if}}\"\n                        href=\"{{url}}\"\n                        aria-label=\"{{name}}\"\n                     >\n                         {{name}}\n                     </a>\n                 </li>\n             {{/each}}\n        {{/unless}}\n    </ul>\n    <ul class=\"navPages-list navPages-list--user\">\n        {{#if currency_selector.currencies.length '>' 1}}\n            <li class=\"navPages-item\">\n                <a class=\"navPages-action has-subMenu\"\n                   href=\"#\"\n                   data-collapsible=\"navPages-currency\"\n                   aria-controls=\"navPages-currency\"\n                   aria-expanded=\"false\"\n                   aria-label=\"{{lang 'common.currency' code=currency_selector.active_currency_code}}\"\n                >\n                    {{lang 'common.currency' code=currency_selector.active_currency_code}}\n                    <i class=\"icon navPages-action-moreIcon\" aria-hidden=\"true\">\n                        <svg>\n                            <use xmlns:xlink=\"http://www.w3.org/1999/xlink\" xlink:href=\"#icon-chevron-down\"></use>\n                        </svg>\n                    </i>\n                </a>\n                <div class=\"navPage-subMenu\" id=\"navPages-currency\" aria-hidden=\"true\" tabindex=\"-1\">\n                    <ul class=\"navPage-subMenu-list\">\n                        {{#each currency_selector.currencies}}\n                        <li class=\"navPage-subMenu-item\">\n                            <a class=\"navPage-subMenu-action navPages-action\"\n                               href=\"{{{switch_url}}}\"\n                               aria-label=\"{{name}}\"\n                               data-currency-code=\"{{{code}}}\"\n                               {{#if cart_currency_switch_url.length '>' 0 }}\n                               data-cart-currency-switch-url=\"{{{cart_currency_switch_url}}}\"\n                               {{/if}}\n                               data-warning=\"{{lang 'common.currency_switch_promotion'}}\"\n                            >\n                                {{#if is_active}}\n                                    <strong>{{name}}</strong>\n                                {{else}}\n                                    {{name}}\n                                {{/if}}\n                            </a>\n                        </li>\n                        {{/each}}\n                    </ul>\n                </div>\n            </li>\n        {{/if}}\n        {{#if settings.gift_certificates_enabled}}\n            <li class=\"navPages-item\">\n                <a class=\"navPages-action\"\n                   href=\"{{urls.gift_certificate.purchase}}\"\n                   aria-label=\"{{lang 'common.gift_cert'}}\"\n                >\n                    {{lang 'common.gift_cert'}}\n                </a>\n            </li>\n        {{/if}}\n        {{#if customer.store_credit.value '>' 0}}\n            <li class=\"navPages-item\">\n                <a class=\"navPages-action navPages-action--storeCredit\">\n                    {{lang 'common.store_credit_overview' credit=customer.store_credit.formatted}}\n                </a>\n            </li>\n        {{/if}}\n        {{#if theme_settings.product_list_display_mode '==' 'list'}}\n            <li class=\"navPages-item\">\n                <a class=\"navPages-action navPages-action--compare\"\n                   href=\"{{urls.compare}}\"\n                   data-compare-nav\n                   aria-label=\"{{lang 'common.compare'}}\"\n                >\n                    {{lang 'common.compare'}}\n                    <span class=\"countPill countPill--positive countPill--alt\"></span>\n                </a>\n            </li>\n        {{/if}}\n        {{#if customer}}\n            <li class=\"navPages-item\">\n                <a class=\"navPages-action has-subMenu\"\n                   href=\"{{urls.account.index}}\"\n                   data-collapsible=\"navPages-account\"\n                   aria-label=\"{{lang 'common.account'}}\"\n                >\n                    {{lang 'common.account'}}\n                    <i class=\"icon navPages-action-moreIcon\" aria-hidden=\"true\">\n                        <svg><use xlink:href=\"#icon-chevron-down\" /></svg>\n                    </i>\n                </a>\n                <div class=\"navPage-subMenu\" id=\"navPages-account\" aria-hidden=\"true\" tabindex=\"-1\">\n                    <ul class=\"navPage-subMenu-list\">\n                        <li class=\"navPage-subMenu-item\">\n                            <a class=\"navPage-subMenu-action navPages-action\"\n                               href=\"{{urls.account.orders.all}}\"\n                               aria-label=\"{{lang 'account.nav.orders'}}\"\n                            >\n                                {{lang 'account.nav.orders'}}\n                            </a>\n                        </li>\n                        {{#if settings.returns_enabled}}\n                            <li class=\"navPage-subMenu-item\">\n                                <a class=\"navPage-subMenu-action navPages-action\"\n                                   href=\"{{urls.account.returns}}\"\n                                   aria-label=\"{{lang 'account.nav.returns'}}\"\n                                >\n                                    {{lang 'account.nav.returns'}}\n                                </a>\n                            </li>\n                        {{/if}}\n                        <li class=\"navPage-subMenu-item\">\n                            <a class=\"navPage-subMenu-action navPages-action\"\n                               href=\"{{urls.account.inbox}}\"\n                               aria-label=\"{{lang 'account.mobile_nav.messages'}}\"\n                            >\n                                {{lang 'account.mobile_nav.messages'}}\n                            </a>\n                        </li>\n                        <li class=\"navPage-subMenu-item\">\n                            <a class=\"navPage-subMenu-action navPages-action\"\n                               href=\"{{urls.account.addresses}}\"\n                               aria-label=\"{{lang 'account.nav.addresses'}}\"\n                            >\n                                {{lang 'account.nav.addresses'}}\n                            </a>\n                        </li>\n                        {{#if settings.show_payment_methods}}\n                            <li class=\"navPage-subMenu-item\">\n                                <a class=\"navPage-subMenu-action navPages-action\"\n                                   href=\"{{urls.account.payment_methods.all}}\"\n                                   aria-label=\"{{lang 'account.nav.payment_methods'}}\"\n                                >\n                                    {{lang 'account.nav.payment_methods'}}\n                                </a>\n                            </li>\n                        {{/if}}\n                        <li class=\"navPage-subMenu-item\">\n                            <a class=\"navPage-subMenu-action navPages-action\"\n                               href=\"{{urls.account.wishlists.all}}\"\n                               aria-label=\"{{lang 'account.mobile_nav.wishlists'}}\"\n                            >\n                                {{lang 'account.mobile_nav.wishlists'}}\n                            </a>\n                        </li>\n                        <li class=\"navPage-subMenu-item\">\n                            <a class=\"navPage-subMenu-action navPages-action\"\n                               href=\"{{urls.account.recent_items}}\"\n                               aria-label=\"{{lang 'account.nav.recently_viewed'}}\"\n                            >\n                                {{lang 'account.nav.recently_viewed'}}\n                            </a>\n                        </li>\n                        <li class=\"navPage-subMenu-item\">\n                            <a class=\"navPage-subMenu-action navPages-action\"\n                               href=\"{{urls.account.details}}\"\n                               aria-label=\"{{lang 'account.nav.settings'}}\"\n                            >\n                                {{lang 'account.nav.settings'}}\n                            </a>\n                        </li>\n                    </ul>\n                </div>\n            </li>\n            <li class=\"navPages-item\">\n                <a class=\"navPages-action\"\n                   href=\"{{urls.auth.logout}}\"\n                   aria-label=\"{{lang 'common.logout'}}\"\n                >\n                    {{lang 'common.logout'}}\n                </a>\n            </li>\n        {{else}}\n            <li class=\"navPages-item\">\n                <a class=\"navPages-action\"\n                   href=\"{{urls.auth.login}}\"\n                   aria-label=\"{{lang 'common.login'}}\"\n                >\n                    {{lang 'common.login'}}\n                </a>\n                {{#if settings.account_creation_enabled}}\n                    {{lang 'common.or'}}\n                    <a class=\"navPages-action\"\n                       href=\"{{urls.auth.create_account}}\"\n                       aria-label=\"{{lang 'common.sign_up'}}\"\n                    >\n                        {{lang 'common.sign_up'}}\n                    </a>\n                {{/if}}\n            </li>\n        {{/if}}\n        {{#if theme_settings.social_icon_placement_top}}\n            <li class=\"navPages-item\">\n                {{> components/common/social-links}}\n            </li>\n        {{/if}}\n    </ul>\n</nav>\n",
  "components/common/alert/alert-modal": "<div id=\"alert-modal\" class=\"modal modal--alert modal--small\" data-reveal data-prevent-quick-search-close>\n    <div class=\"alert-icon error-icon\">\n        <span class=\"icon-content\">\n            <span class=\"line line-left\"></span>\n            <span class=\"line line-right\"></span>\n        </span>\n    </div>\n\n    <div class=\"alert-icon warning-icon\">\n        <div class=\"icon-content\">!</div>\n    </div>\n\n    <div class=\"modal-content\"></div>\n\n    <div class=\"button-container\">\n        <button type=\"button\" class=\"confirm button\" data-reveal-close>{{lang 'common.ok'}}</button>\n        <button type=\"button\" class=\"cancel button\" data-reveal-close>{{lang 'common.cancel'}}</button>\n    </div>\n</div>\n",
  "components/custom/product": "<!DOCTYPE html>\n<html lang=\"en\">\n<head>\n    <meta charset=\"UTF-8\">\n    <meta http-equiv=\"X-UA-Compatible\" content=\"IE=edge\">\n    <meta name=\"viewport\" content=\"width=device-width, initial-scale=1.0\">\n    <title>Document</title>\n\n</head>\n<body>\n    <section id=\"aa-popular-category\">\n        <div class=\"container\">\n          <div class=\"row\">\n            <div class=\"col-md-12\">\n              <div class=\"row\">\n                <div class=\"aa-popular-category-area\">\n                  <!-- start prduct navigation -->\n                 <ul class=\"nav nav-tabs aa-products-tab\">\n                    <li class=\"active\"><a href=\"#popular\" data-toggle=\"tab\">Popular</a></li>\n                    <li><a href=\"#latest\" data-toggle=\"tab\">Latest</a></li>                    \n                  </ul>\n                  <!-- Tab panes -->\n                  <div class=\"tab-content\">\n                    <!-- Start men popular category -->\n                    <div class=\"tab-pane fade in active\" id=\"popular\">\n                      <ul class=\"aa-product-catg aa-popular-slider\">\n                        <!-- start single product item -->\n                        {{#each products.top_sellers }}\n\n                        <li>\n                          <figure >\n                            \n                            <a class=\"card-figure\" href=\"{{url}}\"><img src=\"{{getImageSrcset image 1x=(default fallback_size '160w')}}\"  alt=\"{{image.alt}}\" title=\"{{image.alt}}\"></a>\n                            <a class=\"aa-add-card-btn\"href=\"{{add_to_cart_url}}\"><span class=\"fa fa-shopping-cart\"></span>Add To Cart</a>\n                             <figcaption >\n                                {{#if brand.name}}\n                                    <h4 class=\"aa-product-title\" data-test-info-type=\"brandName\"><a href=\"#\"></a>{{brand.name}}</h4>\n                                {{/if}}     \n                                <h3 class=\"card-title\">\n                                    <a aria-label=\"{{> components/products/product-info}}\"\n                                       href=\"{{url}}\"\n                                       {{#if settings.data_tag_enabled}} data-event-type=\"product-click\" {{/if}}\n                                    >\n                                        {{name}}\n                                    </a>\n                                </h3>\n                              <span class=\"aa-product-price\">{{> components/products/price price=price}}</span>\n                            </figcaption>\n                          </figure>                     \n                      \n                        </li>\n                           {{/each}}                                                                             \n                      </ul>\n                      <a class=\"aa-browse-btn\" href=\"/shop-all\">Browse all Product <span class=\"fa fa-long-arrow-right\"></span></a>\n                    </div>\n                    <!-- / popular product category -->\n                    \n                   \n                    \n                    <!-- start latest product category -->\n                    <div class=\"tab-pane fade\" id=\"latest\">\n                      <ul class=\"aa-product-catg aa-latest-slider\">\n                        <!-- start single product item -->\n                        {{#each products.new}}\n                        <li >\n                          <figure>\n                            <a class=\"card-figure\" href=\"{{url}}\"><img src=\"{{getImageSrcset image 1x=(default fallback_size '160w')}}\" alt=\"{{image.alt}}\" title=\"{{image.alt}}\"></a>\n                            <a class=\"aa-add-card-btn\" href=\"{{add_to_cart_url}}\"><span class=\"fa fa-shopping-cart\"></span>Add To Cart</a>\n                             <figcaption>\n                              {{#if brand.name}}\n                              <h4 class=\"aa-product-title\" data-test-info-type=\"brandName\"><a href=\"#\">{{brand.name}}</a></h4>\n                              {{/if}}\n                              <h3 class=\"card-title\">\n                                <a aria-label=\"{{> components/products/product-info}}\"\n                                   href=\"{{url}}\"\n                                   {{#if settings.data_tag_enabled}} data-event-type=\"product-click\" {{/if}}\n                                >\n                                    {{name}}\n                                </a>\n                            </h3>\n                    \n                              <span class=\"aa-product-price\">{{> components/products/price price=price}}</span>\n                            </figcaption>\n                          </figure>                     \n                        \n                         \n                        \n                        </li>\n                           {{/each}}                                                           \n                      </ul>\n                       <a class=\"aa-browse-btn\" href=\"/shop-all\">Browse all Product <span class=\"fa fa-long-arrow-right\"></span></a>\n                    </div>\n                    <!-- / latest product category -->              \n                  </div>\n                </div>\n              </div> \n            </div>\n          </div>\n        </div>\n        \n      </section>\n       \n       \n</body>\n</html>",
  "components/common/social-links": "{{#if social_media}}\n    <ul class=\"socialLinks socialLinks--alt\">\n        {{#each social_media}}\n            <li class=\"socialLinks-item\">\n                <a class=\"icon icon--{{display_name}}\"\n                   href=\"{{url}}\"\n                   target=\"_blank\"\n                   rel=\"noopener\"\n                   title=\"{{{capitalize display_name}}}\"\n                >\n                    <span class=\"aria-description--hidden\">{{{capitalize display_name}}}</span>\n                    <svg>\n                        <use xlink:href=\"#icon-{{display_name}}\"/>\n                    </svg>\n                </a>\n            </li>\n        {{/each}}\n    </ul>\n{{/if}}\n",
  "components/common/subscription-form": "<h3 class=\"footer-info-heading\">{{lang 'newsletter.subscribe'}}</h3>\n<p>{{lang 'newsletter.subscribe_intro'}}</p>\n\n<form class=\"form\" action=\"{{urls.subscribe.action}}\" method=\"post\">\n    <fieldset class=\"form-fieldset\">\n        <input type=\"hidden\" name=\"action\" value=\"subscribe\">\n        <input type=\"hidden\" name=\"nl_first_name\" value=\"bc\">\n        <input type=\"hidden\" name=\"check\" value=\"1\">\n        <div class=\"form-field\">\n            <label class=\"form-label is-srOnly\" for=\"nl_email\">{{lang 'common.email_address'}}</label>\n            <div class=\"form-prefixPostfix wrap\">\n                <input class=\"form-input\"\n                       id=\"nl_email\"\n                       name=\"nl_email\"\n                       type=\"email\"\n                       value=\"{{customer.email}}\"\n                       placeholder=\"{{lang 'newsletter.email_placeholder'}}\"\n                       aria-describedby=\"alertBox-message-text\"\n                       aria-required=\"true\"\n                       required\n                >\n                <input class=\"button button--primary form-prefixPostfix-button--postfix\"\n                       type=\"submit\"\n                       value=\"{{lang 'newsletter.subscribe_submit'}}\"\n                >\n            </div>\n            {{#if settings.show_newsletter_summary }}\n                <div class=\"footer-newsletter-summary\">{{settings.newsletter_summary}}</div>\n            {{/if}}\n        </div>\n    </fieldset>\n</form>\n",
  "components/common/payment-icons": "{{#with theme_settings}}\n    {{#or show_accept_amex show_accept_discover show_accept_mastercard show_accept_paypal show_accept_visa show_accept_amazonpay show_accept_googlepay show_accept_klarna}}\n    <div class=\"footer-payment-icons\">\n        {{#if show_accept_amex}}\n        <svg class=\"footer-payment-icon\"><use xlink:href=\"#icon-logo-american-express\"></use></svg>\n        {{/if}}\n        {{#if show_accept_discover}}\n        <svg class=\"footer-payment-icon\"><use xlink:href=\"#icon-logo-discover\"></use></svg>\n        {{/if}}\n        {{#if show_accept_mastercard}}\n        <svg class=\"footer-payment-icon\"><use xlink:href=\"#icon-logo-mastercard\"></use></svg>\n        {{/if}}\n        {{#if show_accept_paypal}}\n        <svg class=\"footer-payment-icon\"><use xlink:href=\"#icon-logo-paypal\"></use></svg>\n        {{/if}}\n        {{#if show_accept_visa}}\n        <svg class=\"footer-payment-icon\"><use xlink:href=\"#icon-logo-visa\"></use></svg>\n        {{/if}}\n        {{#if show_accept_amazonpay}}\n        <svg class=\"footer-payment-icon\"><use xlink:href=\"#icon-logo-amazonpay\"></use></svg>\n        {{/if}}\n        {{#if show_accept_googlepay}}\n        <svg class=\"footer-payment-icon\"><use xlink:href=\"#icon-logo-googlepay\"></use></svg>\n        {{/if}}\n        {{#if show_accept_klarna}}\n        <svg class=\"footer-payment-icon\"><use xlink:href=\"#icon-logo-klarna\"></use></svg>\n        {{/if}}\n    </div>\n    {{/or}}\n{{/with}}\n",
  "components/common/modal/modal-close-btn": "<button class=\"modal-close\"\n        type=\"button\"\n        title=\"{{lang 'common.close'}}\"\n        {{additional_attr}}\n>\n    <span class=\"aria-description--hidden\">{{lang 'common.close'}}</span>\n    <span aria-hidden=\"true\">&#215;</span>\n</button>\n",
  "components/common/navigation-list": "{{#if children}}\n<a class=\"navPages-action has-subMenu{{#if is_active}} activePage{{/if}}\"\n   href=\"{{url}}\"\n   data-collapsible=\"navPages-{{id}}\"\n>\n    {{name}}\n    <i class=\"icon navPages-action-moreIcon\" aria-hidden=\"true\">\n        <svg><use xlink:href=\"#icon-chevron-down\" /></svg>\n    </i>\n</a>\n<div class=\"navPage-subMenu\" id=\"navPages-{{id}}\" aria-hidden=\"true\" tabindex=\"-1\">\n    <ul class=\"navPage-subMenu-list\">\n        <li class=\"navPage-subMenu-item\">\n            <a class=\"navPage-subMenu-action navPages-action\"\n               href=\"{{url}}\"\n               aria-label=\"{{lang 'category.view_all.name' category=name}}\"\n            >\n                {{lang 'category.view_all.name' category=name}}\n            </a>\n        </li>\n        {{#each children}}\n            <li class=\"navPage-subMenu-item\">\n                {{#if children}}\n                    <a class=\"navPage-subMenu-action navPages-action has-subMenu{{#if is_active}} activePage{{/if}}\"\n                       href=\"{{url}}\"\n                       aria-label=\"{{name}}\"\n                    >\n                        {{name}}\n                        <span class=\"collapsible-icon-wrapper\"\n                            data-collapsible=\"navPages-{{id}}\"\n                            data-collapsible-disabled-breakpoint=\"medium\"\n                            data-collapsible-disabled-state=\"open\"\n                            data-collapsible-enabled-state=\"closed\"\n                        >\n                            <i class=\"icon navPages-action-moreIcon\" aria-hidden=\"true\">\n                                <svg><use xlink:href=\"#icon-chevron-down\" /></svg>\n                            </i>\n                        </span>\n                    </a>\n                    <ul class=\"navPage-childList\" id=\"navPages-{{id}}\">\n                        {{#each children}}\n                        <li class=\"navPage-childList-item\">\n                            <a class=\"navPage-childList-action navPages-action{{#if is_active}} activePage{{/if}}\"\n                               href=\"{{url}}\"\n                               aria-label=\"{{name}}\"\n                            >\n                                {{name}}\n                            </a>\n                        </li>\n                        {{/each}}\n                    </ul>\n                {{else}}\n                    <a class=\"navPage-subMenu-action navPages-action{{#if is_active}} activePage{{/if}}\"\n                       href=\"{{url}}\"\n                       aria-label=\"{{name}}\"\n                    >\n                        {{name}}\n                    </a>\n                {{/if}}\n            </li>\n        {{/each}}\n    </ul>\n</div>\n{{else}}\n<a class=\"navPages-action{{#if is_active}} activePage{{/if}}\"\n   href=\"{{url}}\"\n   aria-label=\"{{name}}\"\n>\n    {{name}}\n</a>\n{{/if}}\n",
  "components/common/quick-search": "<div class=\"container\">\n    <form class=\"form\" onsubmit=\"return false\" data-url=\"{{urls.search}}\" data-quick-search-form>\n        <fieldset class=\"form-fieldset\">\n            <div class=\"form-field\">\n                <label class=\"is-srOnly\" for=\"{{name}}\">{{lang \"search.quick_search.input_label\"}}</label>\n                <input class=\"form-input\"\n                       data-search-quick\n                       name=\"{{name}}\"\n                       id=\"{{name}}\"\n                       data-error-message=\"{{lang 'search.error.empty_field'}}\"\n                       placeholder=\"{{lang 'search.quick_search.input_placeholder'}}\"\n                       autocomplete=\"off\"\n                >\n            </div>\n        </fieldset>\n    </form>\n    <section class=\"quickSearchResults\" data-bind=\"html: results\"></section>\n    <p role=\"status\"\n       aria-live=\"polite\"\n       class=\"aria-description--hidden\"\n       data-search-aria-message-predefined-text=\"{{{lang 'search.results.quick_count_live'}}}\"\n    ></p>\n</div>\n",
  "components/common/navigation-list-alternate": "{{#if children}}\n    <a class=\"navPages-action navPages-action-depth-max has-subMenu is-root{{#if is_active}} activePage{{/if}}\"\n       href=\"{{url}}\"\n       data-collapsible=\"navPages-{{id}}\"\n       aria-label=\"{{name}}\"\n    >\n        {{name}}\n        <i class=\"icon navPages-action-moreIcon\" aria-hidden=\"true\">\n            <svg><use xlink:href=\"#icon-chevron-down\" /></svg>\n        </i>\n    </a>\n    {{> components/common/navigation-dropdown}}\n{{else}}\n    <a class=\"navPages-action{{#if is_active}} activePage{{/if}}\"\n       href=\"{{url}}\"\n       aria-label=\"{{name}}\"\n    >\n        {{name}}\n    </a>\n{{/if}}\n",
  "components/products/product-info": "{{#or customer (unless settings.hide_price_from_guests)}}\n{{name}}, {{> components/products/product-aria-label}}\n{{else}}\n{{name}}\n{{/or}}\"\n",
  "components/products/price": "{{!-- There are 2 code paths for generating the PDP pricing HTML determined by the following #and condition.\nIf a 'price_range' exists then we generate all HTML in price-range.html, otherwise it is defined here. Both code\npaths generate the same HTML structure with some differences in whether that element is displayed by default (css styling).\n\nIf you are making a change here or in price-range.html, you probably want to make that change in both files. --}}\n\n{{#and price.price_range (if theme_settings.price_ranges '==' true)}}\n    {{> components/products/price-range price=price}}\n{{else}}\n    {{#if price.with_tax}}\n        <div class=\"price-section price-section--withTax rrp-price--withTax\" {{#unless price.rrp_with_tax}}style=\"display: none;\"{{/unless}}>\n            <span>\n                {{> components/products/price-label\n                    label_value=theme_settings.pdp-retail-price-label\n                    fallback=(lang \"page_builder.pdp-retail-price-label\")\n                }}\n            </span>\n            <span data-product-rrp-with-tax class=\"price price--rrp\">\n                {{price.rrp_with_tax.formatted}}\n            </span>\n        </div>\n        <div class=\"price-section price-section--withTax non-sale-price--withTax\" {{#unless price.non_sale_price_with_tax}}style=\"display: none;\"{{/unless}}>\n            <span>\n                {{> components/products/price-label\n                    label_value=theme_settings.pdp-non-sale-price-label\n                    fallback=(lang \"page_builder.pdp-non-sale-price-label\")\n                }}\n            </span>\n            <span data-product-non-sale-price-with-tax class=\"price price--non-sale\">\n                {{price.non_sale_price_with_tax.formatted}}\n            </span>\n        </div>\n        <div class=\"price-section price-section--withTax\">\n            <span class=\"price-label\" {{#if price.non_sale_price_with_tax}}style=\"display: none;\"{{/if}}>\n                {{theme_settings.pdp-price-label}}\n            </span>\n            <span class=\"price-now-label\" {{#unless price.non_sale_price_with_tax}}style=\"display: none;\"{{/unless}}>\n                {{> components/products/price-label\n                    label_value=theme_settings.pdp-sale-price-label\n                    fallback=(lang \"page_builder.pdp-sale-price-label\")\n                }}\n            </span>\n            <span data-product-price-with-tax class=\"price price--withTax\">{{price.with_tax.formatted}}</span>\n            {{#if price.without_tax}}\n                <abbr title=\"{{lang 'products.including_tax'}}\">{{lang 'products.price_with_tax' tax_label=price.tax_label}}</abbr>\n            {{/if}}\n        </div>\n    {{/if}}\n    {{#if price.without_tax}}\n        <div class=\"price-section price-section--withoutTax rrp-price--withoutTax{{#if price.with_tax}} price-section--minor{{/if}}\" {{#unless price.rrp_without_tax}}style=\"display: none;\"{{/unless}}>\n            <span>\n                {{> components/products/price-label\n                    label_value=theme_settings.pdp-retail-price-label\n                    fallback=(lang \"page_builder.pdp-retail-price-label\")\n                }}\n            </span>\n            <span data-product-rrp-price-without-tax class=\"price price--rrp\">\n                {{price.rrp_without_tax.formatted}}\n            </span>\n        </div>\n        <div class=\"price-section price-section--withoutTax non-sale-price--withoutTax{{#if price.with_tax}} price-section--minor{{/if}}\" {{#unless price.non_sale_price_without_tax}}style=\"display: none;\"{{/unless}}>\n            <span>\n                {{> components/products/price-label\n                    label_value=theme_settings.pdp-non-sale-price-label\n                    fallback=(lang \"page_builder.pdp-non-sale-price-label\")\n                }}\n            </span>\n            <span data-product-non-sale-price-without-tax class=\"price price--non-sale\">\n                {{price.non_sale_price_without_tax.formatted}}\n            </span>\n        </div>\n        <div class=\"price-section price-section--withoutTax\">\n            <span class=\"price-label\" {{#if price.non_sale_price_without_tax}}style=\"display: none;\"{{/if}}>\n                {{theme_settings.pdp-price-label}}\n            </span>\n            <span class=\"price-now-label\" {{#unless price.non_sale_price_without_tax}}style=\"display: none;\"{{/unless}}>\n                {{> components/products/price-label\n                    label_value=theme_settings.pdp-sale-price-label\n                    fallback=(lang \"page_builder.pdp-sale-price-label\")\n                }}\n            </span>\n            <span data-product-price-without-tax class=\"price price--withoutTax{{#if price.with_tax}} price-section--minor{{/if}}\">{{price.without_tax.formatted}}</span>\n            {{#if price.with_tax}}\n                <abbr title=\"{{lang 'products.excluding_tax'}}\">{{lang 'products.price_without_tax' tax_label=price.tax_label}}</abbr>\n            {{/if}}\n        </div>\n    {{/if}}\n    {{#if page_type '===' 'product'}}\n         <div class=\"price-section price-section--saving price\" {{#unless price.saved}}style=\"display: none;\"{{/unless}}>\n                <span class=\"price\">{{lang 'products.you_save_opening_text'}}</span>\n                <span data-product-price-saved class=\"price price--saving\">\n                    {{price.saved.formatted}}\n                </span>\n                <span class=\"price\">{{lang 'products.you_save_closing_bracket'}}</span>\n         </div>\n    {{/if}}\n{{/and}}\n",
  "components/common/navigation-dropdown": "<div class=\"navPage-subMenu navPage-subMenu-horizontal\" id=\"navPages-{{id}}\" aria-hidden=\"true\" tabindex=\"-1\">\n    <ul class=\"navPage-subMenu-list\">\n        <li class=\"navPage-subMenu-item-parent\">\n            <a class=\"navPage-subMenu-action navPages-action navPages-action-depth-max\" href=\"{{url}}\">{{lang 'category.view_all.name' category=name}}</a>\n        </li>\n        {{#each children}}\n            <li class=\"navPage-subMenu-item-child\">\n                {{#if children}}\n                    <a class=\"navPage-subMenu-action navPages-action navPages-action-depth-max has-subMenu{{#if is_active}} activePage{{/if}}\" href=\"{{url}}\" data-collapsible=\"navPages-{{id}}\">\n                        {{name}}<i class=\"icon navPages-action-moreIcon\" aria-hidden=\"true\"><svg><use xlink:href=\"#icon-chevron-down\" /></svg></i>\n                    </a>\n                    {{> components/common/navigation-dropdown}}\n                {{else}}\n                    <a class=\"navPage-subMenu-action navPages-action{{#if is_active}} activePage{{/if}}\" href=\"{{url}}\">{{name}}</a>\n                {{/if}}\n            </li>\n        {{/each}}\n    </ul>\n</div>\n",
  "components/products/product-aria-label": "{{#and price.price_range (if theme_settings.price_ranges '==' true)}}\n    {{#and price.price_range.min.with_tax price.price_range.max.with_tax}}\n{{lang 'category.shop_by_price_range_aria'\n       from=price.price_range.min.with_tax.formatted\n       to=price.price_range.max.with_tax.formatted\n}}\n    {{else}}\n{{lang 'category.shop_by_price_range_aria'\n       from=price.price_range.min.without_tax.formatted\n       to=price.price_range.max.without_tax.formatted\n}}\n    {{/and}}\n{{else}}\n    {{#if price.with_tax}}\n        {{#if price.non_sale_price_with_tax}}\n{{> components/products/price-label\n    label_value=theme_settings.pdp-non-sale-price-label\n    fallback=(lang \"page_builder.pdp-non-sale-price-label\")\n}}{{price.non_sale_price_with_tax.formatted}},\n{{> components/products/price-label\n    label_value=theme_settings.pdp-sale-price-label\n    fallback=(lang \"page_builder.pdp-sale-price-label\")\n}}{{price.with_tax.formatted}}\n        {{else}}\n{{price.with_tax.formatted}}\n        {{/if}}\n    {{else}}\n        {{#if price.non_sale_price_without_tax}}\n{{> components/products/price-label\n    label_value=theme_settings.pdp-non-sale-price-label\n    fallback=(lang \"page_builder.pdp-non-sale-price-label\")\n}}{{price.non_sale_price_without_tax.formatted}},\n{{> components/products/price-label\n    label_value=theme_settings.pdp-sale-price-label\n    fallback=(lang \"page_builder.pdp-sale-price-label\")\n}}{{price.without_tax.formatted}}\n        {{else}}\n{{price.without_tax.formatted}}\n        {{/if}}\n    {{/if}}\n{{/and}}\n",
  "components/products/price-range": "{{#and price.retail_price_range.min.with_tax price.retail_price_range.max.with_tax}}\n    <div class=\"price-section price-section--withTax rrp-price--withTax\">\n        <span>\n            {{> components/products/price-label\n                label_value=theme_settings.pdp-retail-price-label\n                fallback=(lang \"page_builder.pdp-retail-price-label\")\n            }}\n        </span>\n        <span data-product-rrp-price-with-tax class=\"price price--rrp\">{{price.retail_price_range.min.with_tax.formatted}} - {{price.retail_price_range.max.with_tax.formatted}}</span>\n    </div>\n{{else}}\n    {{#if price.with_tax}}\n        <div class=\"price-section price-section--withTax rrp-price--withTax\" style=\"display: none;\">\n            <span>\n                {{> components/products/price-label\n                    label_value=theme_settings.pdp-retail-price-label\n                    fallback=(lang \"page_builder.pdp-retail-price-label\")\n                }}\n            </span>\n            <span data-product-rrp-with-tax class=\"price price--rrp\">\n                {{price.rrp_with_tax.formatted}}\n            </span>\n        </div>\n    {{/if}}\n{{/and}}\n{{#and price.price_range.min.with_tax price.price_range.max.with_tax}}\n    {{!-- Never display the \"non-sales price\" if there is a price range to be shown, but we do want the element on the page --}}\n    <div class=\"price-section price-section--withTax non-sale-price--withTax\" style=\"display: none;\">\n        <span>\n            {{> components/products/price-label\n                label_value=theme_settings.pdp-non-sale-price-label\n                fallback=(lang \"page_builder.pdp-non-sale-price-label\")\n            }}\n        </span>\n        <span data-product-non-sale-price-with-tax class=\"price price--non-sale\">\n            {{price.non_sale_price_with_tax.formatted}}\n        </span>\n    </div>\n    <div class=\"price-section price-section--withTax\">\n        <span class=\"price-label\">{{theme_settings.pdp-price-label}}</span>\n        <span class=\"price-now-label\" style=\"display: none;\">\n            {{> components/products/price-label\n                label_value=theme_settings.pdp-sale-price-label\n                fallback=(lang \"page_builder.pdp-sale-price-label\")\n            }}\n        </span>\n        <span data-product-price-with-tax class=\"price price--withTax\">{{price.price_range.min.with_tax.formatted}} - {{price.price_range.max.with_tax.formatted}}</span>\n        {{#and price.price_range.min.without_tax price.price_range.max.without_tax}}\n            <abbr title=\"{{lang 'products.including_tax'}}\">{{lang 'products.price_with_tax' tax_label=price.price_range.min.tax_label}}</abbr>\n        {{/and}}\n    </div>\n{{/and}}\n{{#and price.retail_price_range.min.without_tax price.retail_price_range.max.without_tax}}\n    <div class=\"price-section price-section--withoutTax rrp-price--withoutTax{{#if price.with_tax}} price-section--minor{{/if}}\">\n        <span>\n            {{> components/products/price-label\n                label_value=theme_settings.pdp-retail-price-label\n                fallback=(lang \"page_builder.pdp-retail-price-label\")\n            }}\n        </span>\n        <span data-product-rrp-price-without-tax class=\"price price--rrp\">{{price.retail_price_range.min.without_tax.formatted}} - {{price.retail_price_range.max.without_tax.formatted}}</span>\n    </div>\n{{else}}\n    {{#if price.without_tax}}\n        <div class=\"price-section price-section--withoutTax rrp-price--withoutTax{{#if price.with_tax}} price-section--minor{{/if}}\" style=\"display: none;\">\n            <span>\n                {{> components/products/price-label\n                    label_value=theme_settings.pdp-retail-price-label\n                    fallback=(lang \"page_builder.pdp-retail-price-label\")\n                }}\n            </span>\n            <span data-product-rrp-price-without-tax class=\"price price--rrp\">\n                {{price.rrp_without_tax.formatted}}\n            </span>\n        </div>\n    {{/if}}\n{{/and}}\n{{#and price.price_range.min.without_tax price.price_range.max.without_tax}}\n    {{!-- Never display the \"non-sales price\" if there is a price range to be shown, but we do want the element on the page --}}\n    <div class=\"price-section price-section--withoutTax non-sale-price--withoutTax{{#if price.with_tax}} price-section--minor{{/if}}\" style=\"display: none;\">\n        <span>\n            {{> components/products/price-label\n                label_value=theme_settings.pdp-non-sale-price-label\n                fallback=(lang \"page_builder.pdp-non-sale-price-label\")\n            }}\n        </span>\n        <span data-product-non-sale-price-without-tax class=\"price price--non-sale\">\n            {{price.non_sale_price_without_tax.formatted}}\n        </span>\n    </div>\n    <div class=\"price-section price-section--withoutTax{{#and price_range.min.with_tax price_range.max.with_tax}} price-section--minor{{/and}}\">\n        <span class=\"price-label\">{{theme_settings.pdp-price-label}}</span>\n        <span class=\"price-now-label\" style=\"display: none;\">\n            {{> components/products/price-label\n                label_value=theme_settings.pdp-sale-price-label\n                fallback=(lang \"page_builder.pdp-sale-price-label\")\n            }}\n        </span>\n        <span data-product-price-without-tax class=\"price price--withoutTax\">{{price.price_range.min.without_tax.formatted}} - {{price.price_range.max.without_tax.formatted}}</span>\n        {{#and price.price_range.min.with_tax price.price_range.max.with_tax}}\n            <abbr title=\"{{lang 'products.excluding_tax'}}\">{{lang 'products.price_without_tax' tax_label=price.price_range.min.tax_label}}</abbr>\n        {{/and}}\n    </div>\n{{/and}}\n\n{{!-- Never display the \"saving price\" element by default if there is a price range on the page to be shown --}}\n{{#if page_type '===' 'product'}}\n     <div class=\"price-section price-section--saving price\" style=\"display: none;\">\n            <span class=\"price\">{{lang 'products.you_save_opening_text'}}</span>\n            <span data-product-price-saved class=\"price price--saving\">\n                {{price.saved.formatted}}\n            </span>\n            <span class=\"price\">{{lang 'products.you_save_closing_bracket'}}</span>\n     </div>\n{{/if}}\n",
  "components/products/price-label": "{{#if label_value '===' ''}}\n    {{fallback}}\n{{else}}\n    {{label_value}}\n{{/if}}\n"
}